<?xml version="1.0" encoding="UTF-8"?>

<Bundle xmlns="http://hl7.org/fhir">
  <id value="CoreNeedleBiopsyDocument"/>
  <type value="document"/>
  <timestamp value="2024-01-20T15:30:00+01:00"/>
  <entry>
    <fullUrl value="http://prostatecancerspec.org/Composition/CoreNeedleBiopsyComposition"/>
    <resource>
      <Composition>
        <id value="CoreNeedleBiopsyComposition"/>
        <text>
          <status value="generated"/><div xmlns="http://www.w3.org/1999/xhtml"><a name="Composition_CoreNeedleBiopsyComposition"> </a><p class="res-header-id"><b>Generated Narrative: Composition CoreNeedleBiopsyComposition</b></p><a name="CoreNeedleBiopsyComposition"> </a><a name="hcCoreNeedleBiopsyComposition"> </a><p><b>identifier</b>: Accession ID/PATH-COMP-2024-001</p><p><b>status</b>: Final</p><p><b>type</b>: <span title="Codes:{http://ihe-d.de/CodeSystems/IHEXDStypeCode PATH}, {http://snomed.info/sct 721967005}">Tissue pathology biopsy report</span></p><p><b>encounter</b>: <a href="Encounter-CoreNeedleBiopsyEncounter.html">Encounter: identifier = http://example.hospital.de/encounters#E_24_001; status = finished; class = IMB (IMB)</a></p><p><b>date</b>: 2024-01-20 15:30:00+0100</p><p><b>author</b>: <a href="Organization-PathologyLabOrganization.html">Pathologisches Institut</a></p><p><b>title</b>: Histopathologischer Befundbericht - Prostatabiopsie</p><h3>Attesters</h3><table class="grid"><tr><td style="display: none">-</td><td><b>Mode</b></td><td><b>Party</b></td></tr><tr><td style="display: none">*</td><td>Legal</td><td><a href="Organization-PathologyLabOrganization.html">Organization Pathologielabor</a></td></tr></table><p><b>custodian</b>: <a href="Organization-PathologyLabOrganization.html">Organization Pathologielabor</a></p><h3>Events</h3><table class="grid"><tr><td style="display: none">-</td><td><b>Code</b></td><td><b>Detail</b></td></tr><tr><td style="display: none">*</td><td><span title="Codes:{http://terminology.hl7.org/CodeSystem/v3-ActCode PATREPE}">pathology report entry task</span></td><td><a href="ServiceRequest-CoreNeedleBiopsyReportRequest.html">ServiceRequest Prostate Pathology biopsy report</a></td></tr></table></div>
        </text>
        <identifier>
          <type>
            <coding>
              <system value="http://terminology.hl7.org/CodeSystem/v2-0203"/>
              <code value="ACSN"/>
              <display value="Accession ID"/>
            </coding>
          </type>
          <system value="http://example.hospital.de/pathology-reports"/>
          <value value="PATH-COMP-2024-001"/>
        </identifier>
        <status value="final"/>
        <type>
          <coding>
            <system value="http://ihe-d.de/CodeSystems/IHEXDStypeCode"/>
            <code value="PATH"/>
          </coding>
          <coding>
            <system value="http://snomed.info/sct"/>
            <code value="721967005"/>
            <display value="Tissue pathology biopsy report"/>
          </coding>
        </type>
        <subject>
          <reference value="Patient/Patient1"/>
          <display value="Hans Mueller, geb. 15.08.1955 (PAT-2024-001)"/>
        </subject>
        <encounter>
          <reference value="Encounter/CoreNeedleBiopsyEncounter"/>
        </encounter>
        <date value="2024-01-20T15:30:00+01:00"/>
        <author>
          <reference value="Organization/PathologyLabOrganization"/>
          <display value="Pathologisches Institut"/>
        </author>
        <title value="Histopathologischer Befundbericht - Prostatabiopsie"/>
        <attester>
          <mode value="legal"/>
          <party>
            <reference value="Organization/PathologyLabOrganization"/>
          </party>
        </attester>
        <custodian>
          <reference value="Organization/PathologyLabOrganization"/>
        </custodian>
        <event>
          <code>
            <coding>
              <system value="http://terminology.hl7.org/CodeSystem/v3-ActCode"/>
              <code value="PATREPE"/>
            </coding>
          </code>
          <detail>
            <reference value="ServiceRequest/CoreNeedleBiopsyReportRequest"/>
          </detail>
        </event>
        <section>
          <title value="Pathologiebefundbericht"/>
          <code>
            <coding>
              <system value="http://loinc.org"/>
              <code value="11526-1"/>
              <display value="Pathology study"/>
            </coding>
          </code>
          <text>
            <status value="additional"/><div xmlns="http://www.w3.org/1999/xhtml"><h3>Klinische Angaben</h3><p>Erhöhter PSA-Wert (8,5 ng/ml). V.a. Prostatakarzinom. Bitte histologische Abklärung.</p><h3>Makroskopie</h3><table border="1" cellpadding="4" cellspacing="0"><thead><tr><th>Stanze</th><th>Lokalisation</th><th>Stanzenlänge (cm)</th><th>Zylinderanzahl im Gefäß</th></tr></thead><tbody><tr><td>01</td><td>Rechts lateral basal</td><td>1.8</td><td>1</td></tr><tr><td>02</td><td>Rechts lateral mid</td><td>1.6</td><td>1</td></tr><tr><td>03</td><td>Rechts lateral apikal</td><td>1.5</td><td>1</td></tr><tr><td>04</td><td>Rechts medial basal</td><td>1.9</td><td>1</td></tr><tr><td>05</td><td>Rechts medial mid</td><td>1.4</td><td>1</td></tr><tr><td>06</td><td>Rechts medial apikal</td><td>1.7</td><td>1</td></tr><tr><td>07</td><td>Links lateral basal</td><td>1.6</td><td>1</td></tr><tr><td>08</td><td>Links lateral mid</td><td>1.5</td><td>1</td></tr><tr><td>09</td><td>Links lateral apikal</td><td>1.8</td><td>1</td></tr><tr><td>10</td><td>Links medial basal</td><td>1.3</td><td>1</td></tr><tr><td>11</td><td>Links medial mid</td><td>1.7</td><td>1</td></tr><tr><td>12</td><td>Links medial apikal</td><td>1.4</td><td>1</td></tr></tbody></table><h3>Mikroskopie</h3><table border="1" cellpadding="4" cellspacing="0"><thead><tr><th>Stanze</th><th>Befund</th><th>Gleason-Score</th><th>Tumoranteil</th></tr></thead><tbody><tr><td>01</td><td>Adenokarzinom</td><td>3+4=7</td><td>40%</td></tr><tr><td>02</td><td>Adenokarzinom</td><td>4+3=7</td><td>60%</td></tr><tr><td>03</td><td>Benigne</td><td>-</td><td>-</td></tr><tr><td>04</td><td>Adenokarzinom</td><td>4+4=8</td><td>80%</td></tr><tr><td>05</td><td>Benigne</td><td>-</td><td>-</td></tr><tr><td>06</td><td>Adenokarzinom</td><td>3+3=6</td><td>20%</td></tr><tr><td>07</td><td>Adenokarzinom</td><td>4+5=9</td><td>95%</td></tr><tr><td>08</td><td>Benigne</td><td>-</td><td>-</td></tr><tr><td>09</td><td>Adenokarzinom</td><td>3+4=7</td><td>35%</td></tr><tr><td>10</td><td>Benigne</td><td>-</td><td>-</td></tr><tr><td>11</td><td>Adenokarzinom</td><td>3+4=7</td><td>25%</td></tr><tr><td>12</td><td>Benigne</td><td>-</td><td>-</td></tr></tbody></table><h3>Diagnostische Schlussfolgerung</h3><p><b>Diagnose:</b> Azinäres Adenokarzinom der Prostata (ICD-O 8140/3)</p><table border="1" cellpadding="4" cellspacing="0"><tbody><tr><td>Histologischer Typ</td><td>Azinäres Adenokarzinom (8140/3)</td></tr><tr><td>Gleason-Score</td><td>4+5=9 (höchster Score)</td></tr><tr><td>ISUP-Gradgruppe</td><td>5 (WHO 2016)</td></tr><tr><td>Positive Stanzen</td><td>7 von 12 (4 rechts, 3 links)</td></tr><tr><td>Tumoranteil gesamt</td><td>51%</td></tr><tr><td>Tumorlänge gesamt</td><td>52,7 mm</td></tr><tr><td>Anteil Gleason 4/5</td><td>77%</td></tr><tr><td>Perineurale Infiltration</td><td>Nachgewiesen</td></tr><tr><td>Periprostatische Fettinvasion</td><td>Nachgewiesen (apikal)</td></tr><tr><td>Samenblaseninfiltration</td><td>Nicht nachgewiesen</td></tr><tr><td>Lymphovaskuläre Invasion</td><td>Nicht nachgewiesen</td></tr><tr><td>Intraduktales Karzinom</td><td>Nicht nachgewiesen</td></tr><tr><td>ASAP</td><td>Nicht nachgewiesen</td></tr><tr><td>High-grade-PIN</td><td>Nicht nachgewiesen</td></tr></tbody></table></div>
          </text>
          <entry>
            <reference value="DiagnosticReport/CoreNeedleBiopsyReport"/>
          </entry>
        </section>
      </Composition>
    </resource>
  </entry>
  <entry>
    <fullUrl value="http://prostatecancerspec.org/Patient/Patient1"/>
    <resource>
      <Patient>
        <id value="Patient1"/>
        <text>
          <status value="generated"/><div xmlns="http://www.w3.org/1999/xhtml"><a name="Patient_Patient1"> </a><p class="res-header-id"><b>Generated Narrative: Patient Patient1</b></p><a name="Patient1"> </a><a name="hcPatient1"> </a><p style="border: 1px #661aff solid; background-color: #e6e6ff; padding: 10px;">Hans Mueller  Male, DoB: 1955-08-15 ( http://example.hospital.de/patient-ids#PAT-2024-001)</p><hr/></div>
        </text>
        <identifier>
          <system value="http://example.hospital.de/patient-ids"/>
          <value value="PAT-2024-001"/>
        </identifier>
        <name>
          <family value="Mueller"/>
          <given value="Hans"/>
        </name>
        <gender value="male"/>
        <birthDate value="1955-08-15"/>
      </Patient>
    </resource>
  </entry>
  <entry>
    <fullUrl value="http://prostatecancerspec.org/Organization/PathologyLabOrganization"/>
    <resource>
      <Organization>
        <id value="PathologyLabOrganization"/>
        <text>
          <status value="generated"/><div xmlns="http://www.w3.org/1999/xhtml"><a name="Organization_PathologyLabOrganization"> </a><p class="res-header-id"><b>Generated Narrative: Organization PathologyLabOrganization</b></p><a name="PathologyLabOrganization"> </a><a name="hcPathologyLabOrganization"> </a><p><b>identifier</b>: <code>http://example.hospital.de/organization-ids</code>/ORG-PATH-001</p><p><b>name</b>: Pathologielabor</p></div>
        </text>
        <identifier>
          <system value="http://example.hospital.de/organization-ids"/>
          <value value="ORG-PATH-001"/>
        </identifier>
        <name value="Pathologielabor"/>
      </Organization>
    </resource>
  </entry>
  <entry>
    <fullUrl value="http://prostatecancerspec.org/DiagnosticReport/CoreNeedleBiopsyReport"/>
    <resource>
      <DiagnosticReport>
        <id value="CoreNeedleBiopsyReport"/>
        <meta>
          <profile value="https://www.medizininformatik-initiative.de/fhir/ext/modul-patho/StructureDefinition/mii-pr-patho-report|2026.0.0"/>
        </meta>
        <text>
          <status value="generated"/><div xmlns="http://www.w3.org/1999/xhtml"><a name="DiagnosticReport_CoreNeedleBiopsyReport"> </a><p class="res-header-id"><b>Generated Narrative: DiagnosticReport CoreNeedleBiopsyReport</b></p><a name="CoreNeedleBiopsyReport"> </a><a name="hcCoreNeedleBiopsyReport"> </a><div style="display: inline-block; background-color: #d9e0e7; padding: 6px; margin: 4px; border: 1px solid #8da1b4; border-radius: 5px; line-height: 60%"><p style="margin-bottom: 0px"/><p style="margin-bottom: 0px">Profile: <a href="https://simplifier.net/resolve?scope=de.medizininformatikinitiative.kerndatensatz.patho@2026.0.0&amp;canonical=https://www.medizininformatik-initiative.de/fhir/ext/modul-patho/StructureDefinition/mii-pr-patho-report">MII PR Patho Reportversion: null2026.0.0)</a></p></div><h2><span title="Codes:{http://loinc.org 60568-3}">Pathology Synoptic report</span> (<span title="Codes:{http://terminology.hl7.org/CodeSystem/v2-0074 SP}">Surgical Pathology</span>) </h2><table class="grid"><tr><td>Subject</td><td>Hans Mueller  Male, DoB: 1955-08-15 ( http://example.hospital.de/patient-ids#PAT-2024-001)</td></tr><tr><td>When For</td><td>2024-01-20 15:00:00+0100</td></tr><tr><td>Reported</td><td>2024-01-20 15:30:00+0100</td></tr><tr><td>Performer</td><td> <a href="Practitioner-PathologistPractitioner.html">Practitioner Maria Schneider </a></td></tr><tr><td>Identifier</td><td> Accession ID/E_24_001</td></tr></table><p><b>Report Details</b></p><table class="grid"><tr><td><b>Code</b></td><td><b>Value</b></td><td><b>Flags</b></td><td><b>Note</b></td><td><b>When For</b></td></tr><tr><td><a href="Observation-CoreNeedleBiopsyMacroscopicGrouper.html"><span title="Codes:{http://loinc.org 22634-0}">Pathology report gross observation Narrative</span></a> (<span title="Codes:{http://snomed.info/sct 41216001}">Prostatic structure (body structure)</span>)</td><td>Makroskopische Messungen aller 12 Prostatastanzen</td><td>Final</td><td><blockquote><div><p>Makroskopische Messungen für alle 12 Prostatastanzen: Längen 1.3-1.9 cm, je 1 Zylinder pro Specimen. Stanzen 01-06 aus rechter Prostataregion (lateral basal/mid/apikal, medial basal/mid/apikal), Stanzen 07-12 aus linker Prostataregion (lateral basal/mid/apikal, medial basal/mid/apikal).</p>
</div></blockquote></td><td>2024-01-15 14:00:00+0100</td></tr><tr><td><a href="Observation-CoreNeedleBiopsyMicroscopicGrouper.html"><span title="Codes:{http://loinc.org 22635-7}">Pathology report microscopic observation Narrative Other stain</span></a> (<span title="Codes:{http://snomed.info/sct 41216001}">Prostatic structure (body structure)</span>)</td><td>Mikroskopische Befunde aller 12 Prostatastanzen</td><td>Final</td><td><blockquote><div><p>Mikroskopische Untersuchung der 12 Prostatastanzen: Adenokarzinom in 7 von 12 Stanzen nachgewiesen (01, 02, 04, 06, 07, 09, 11). Gleason Scores: Stanze 01 (3+4=7), Stanze 02 (4+3=7), Stanze 04 (4+4=8), Stanze 06 (3+3=6), Stanze 07 (4+5=9), Stanze 09 (3+4=7), Stanze 11 (3+4=7). Höchster Gleason-Score 4+5=9, ISUP-Gradgruppe 5. Benigne Befunde in Stanzen 03, 05, 08, 10, 12.</p>
</div></blockquote></td><td>2024-01-17 10:00:00+0100</td></tr><tr><td><a href="Observation-CoreNeedleBiopsyDiagnosticConclusionGrouper.html"><span title="Codes:{http://loinc.org 22637-3}">Pathology report final diagnosis Narrative</span></a></td><td/><td>Final</td><td><blockquote><div><p>Zusammenfassung: Azinäres Adenokarzinom der Prostata (ICD-O 8140/3). Höchster Gleason-Score 4+5=9, ISUP-Gradgruppe 5 (WHO 2016). 7 von 12 Stanzen tumorbefallen (4 rechts: 01, 02, 04, 06; 3 links: 07, 09, 11), prozentualer Tumoranteil 51%, Tumorlänge gesamt 52,7 mm. Perineurale Infiltration nachgewiesen. Infiltration des periprostatischen Fettgewebes apikal nachgewiesen (Hinweis auf extraprostatische Ausbreitung). Samenblaseninfiltration, lymphovaskuläre Invasion, intraduktales Karzinom, ASAP, High-grade-PIN und granulomatöse Prostatitis nicht nachgewiesen.</p>
</div></blockquote>By Practitioner/PathologistPractitioner @2023-03-15</td><td>2023-03-15</td></tr></table><p>Adenokarzinom der Prostata, Gleason-Score 7a (3+4) in 7 von 12 Stanzen, mit perineuralem Befall.</p></div>
        </text>
        <identifier>
          <type>
            <coding>
              <system value="http://terminology.hl7.org/CodeSystem/v2-0203"/>
              <code value="ACSN"/>
              <display value="Accession ID"/>
            </coding>
          </type>
          <system value="https://pathologie.example-hospital.de/fhir/fn/befundbericht"/>
          <value value="E_24_001"/>
        </identifier>
        <basedOn>
          <reference value="ServiceRequest/CoreNeedleBiopsyReportRequest"/>
        </basedOn>
        <status value="final"/>
        <category>
          <coding>
            <system value="http://terminology.hl7.org/CodeSystem/v2-0074"/>
            <code value="SP"/>
            <display value="Surgical Pathology"/>
          </coding>
        </category>
        <code>
          <coding>
            <system value="http://loinc.org"/>
            <code value="60568-3"/>
            <display value="Pathology Synoptic report"/>
          </coding>
        </code>
        <subject>
          <reference value="Patient/Patient1"/>
        </subject>
        <effectiveDateTime value="2024-01-20T15:00:00+01:00"/>
        <issued value="2024-01-20T15:30:00+01:00"/>
        <performer>
          <reference value="Practitioner/PathologistPractitioner"/>
        </performer>
        <specimen>
          <reference value="Specimen/CoreNeedleBiopsySpecimen01Part"/>
        </specimen>
        <specimen>
          <reference value="Specimen/CoreNeedleBiopsySpecimen01Block"/>
        </specimen>
        <specimen>
          <reference value="Specimen/CoreNeedleBiopsySpecimen01Slide"/>
        </specimen>
        <specimen>
          <reference value="Specimen/CoreNeedleBiopsySpecimen02Part"/>
        </specimen>
        <specimen>
          <reference value="Specimen/CoreNeedleBiopsySpecimen02Block"/>
        </specimen>
        <specimen>
          <reference value="Specimen/CoreNeedleBiopsySpecimen02Slide"/>
        </specimen>
        <specimen>
          <reference value="Specimen/CoreNeedleBiopsySpecimen03Part"/>
        </specimen>
        <specimen>
          <reference value="Specimen/CoreNeedleBiopsySpecimen03Block"/>
        </specimen>
        <specimen>
          <reference value="Specimen/CoreNeedleBiopsySpecimen03Slide"/>
        </specimen>
        <specimen>
          <reference value="Specimen/CoreNeedleBiopsySpecimen04Part"/>
        </specimen>
        <specimen>
          <reference value="Specimen/CoreNeedleBiopsySpecimen04Block"/>
        </specimen>
        <specimen>
          <reference value="Specimen/CoreNeedleBiopsySpecimen04Slide"/>
        </specimen>
        <specimen>
          <reference value="Specimen/CoreNeedleBiopsySpecimen05Part"/>
        </specimen>
        <specimen>
          <reference value="Specimen/CoreNeedleBiopsySpecimen05Block"/>
        </specimen>
        <specimen>
          <reference value="Specimen/CoreNeedleBiopsySpecimen05Slide"/>
        </specimen>
        <specimen>
          <reference value="Specimen/CoreNeedleBiopsySpecimen06Part"/>
        </specimen>
        <specimen>
          <reference value="Specimen/CoreNeedleBiopsySpecimen06Block"/>
        </specimen>
        <specimen>
          <reference value="Specimen/CoreNeedleBiopsySpecimen06Slide"/>
        </specimen>
        <specimen>
          <reference value="Specimen/CoreNeedleBiopsySpecimen07Part"/>
        </specimen>
        <specimen>
          <reference value="Specimen/CoreNeedleBiopsySpecimen07Block"/>
        </specimen>
        <specimen>
          <reference value="Specimen/CoreNeedleBiopsySpecimen07Slide"/>
        </specimen>
        <specimen>
          <reference value="Specimen/CoreNeedleBiopsySpecimen08Part"/>
        </specimen>
        <specimen>
          <reference value="Specimen/CoreNeedleBiopsySpecimen08Block"/>
        </specimen>
        <specimen>
          <reference value="Specimen/CoreNeedleBiopsySpecimen08Slide"/>
        </specimen>
        <specimen>
          <reference value="Specimen/CoreNeedleBiopsySpecimen09Part"/>
        </specimen>
        <specimen>
          <reference value="Specimen/CoreNeedleBiopsySpecimen09Block"/>
        </specimen>
        <specimen>
          <reference value="Specimen/CoreNeedleBiopsySpecimen09Slide"/>
        </specimen>
        <specimen>
          <reference value="Specimen/CoreNeedleBiopsySpecimen10Part"/>
        </specimen>
        <specimen>
          <reference value="Specimen/CoreNeedleBiopsySpecimen10Block"/>
        </specimen>
        <specimen>
          <reference value="Specimen/CoreNeedleBiopsySpecimen10Slide"/>
        </specimen>
        <specimen>
          <reference value="Specimen/CoreNeedleBiopsySpecimen11Part"/>
        </specimen>
        <specimen>
          <reference value="Specimen/CoreNeedleBiopsySpecimen11Block"/>
        </specimen>
        <specimen>
          <reference value="Specimen/CoreNeedleBiopsySpecimen11Slide"/>
        </specimen>
        <specimen>
          <reference value="Specimen/CoreNeedleBiopsySpecimen12Part"/>
        </specimen>
        <specimen>
          <reference value="Specimen/CoreNeedleBiopsySpecimen12Block"/>
        </specimen>
        <specimen>
          <reference value="Specimen/CoreNeedleBiopsySpecimen12Slide"/>
        </specimen>
        <result>
          <reference value="Observation/CoreNeedleBiopsyMacroscopicGrouper"/>
        </result>
        <result>
          <reference value="Observation/CoreNeedleBiopsyMicroscopicGrouper"/>
        </result>
        <result>
          <reference value="Observation/CoreNeedleBiopsyDiagnosticConclusionGrouper"/>
        </result>
        <conclusion value="Adenokarzinom der Prostata, Gleason-Score 7a (3+4) in 7 von 12 Stanzen, mit perineuralem Befall."/>
      </DiagnosticReport>
    </resource>
  </entry>
  <entry>
    <fullUrl value="http://prostatecancerspec.org/Observation/CoreNeedleBiopsyDiagnosticConclusionGrouper"/>
    <resource>
      <Observation>
        <id value="CoreNeedleBiopsyDiagnosticConclusionGrouper"/>
        <meta>
          <profile value="https://www.medizininformatik-initiative.de/fhir/ext/modul-patho/StructureDefinition/mii-pr-patho-diagnostic-conclusion-grouper|2026.0.0"/>
        </meta>
        <text>
          <status value="generated"/><div xmlns="http://www.w3.org/1999/xhtml"><a name="Observation_CoreNeedleBiopsyDiagnosticConclusionGrouper"> </a><p class="res-header-id"><b>Generated Narrative: Observation CoreNeedleBiopsyDiagnosticConclusionGrouper</b></p><a name="CoreNeedleBiopsyDiagnosticConclusionGrouper"> </a><a name="hcCoreNeedleBiopsyDiagnosticConclusionGrouper"> </a><div style="display: inline-block; background-color: #d9e0e7; padding: 6px; margin: 4px; border: 1px solid #8da1b4; border-radius: 5px; line-height: 60%"><p style="margin-bottom: 0px"/><p style="margin-bottom: 0px">Profile: <a href="https://simplifier.net/resolve?scope=de.medizininformatikinitiative.kerndatensatz.patho@2026.0.0&amp;canonical=https://www.medizininformatik-initiative.de/fhir/ext/modul-patho/StructureDefinition/mii-pr-patho-diagnostic-conclusion-grouper">MII PR Patho Diagnostic Conclusion Grouperversion: null2026.0.0)</a></p></div><p><b>basedOn</b>: <a href="ServiceRequest-CoreNeedleBiopsyReportRequest.html">ServiceRequest Prostate Pathology biopsy report</a></p><p><b>status</b>: Final</p><p><b>category</b>: <span title="Codes:{http://terminology.hl7.org/CodeSystem/observation-category laboratory}">Laboratory</span></p><p><b>code</b>: <span title="Codes:{http://loinc.org 22637-3}">Pathology report final diagnosis Narrative</span></p><p><b>subject</b>: <a href="Patient-Patient1.html">Hans Mueller  Male, DoB: 1955-08-15 ( http://example.hospital.de/patient-ids#PAT-2024-001)</a></p><p><b>effective</b>: 2023-03-15</p><p><b>performer</b>: <a href="Practitioner-PathologistPractitioner.html">Practitioner Maria Schneider </a></p><p><b>note</b>: By Practitioner/PathologistPractitioner @2023-03-15</p><blockquote><div><p>Zusammenfassung: Azinäres Adenokarzinom der Prostata (ICD-O 8140/3). Höchster Gleason-Score 4+5=9, ISUP-Gradgruppe 5 (WHO 2016). 7 von 12 Stanzen tumorbefallen (4 rechts: 01, 02, 04, 06; 3 links: 07, 09, 11), prozentualer Tumoranteil 51%, Tumorlänge gesamt 52,7 mm. Perineurale Infiltration nachgewiesen. Infiltration des periprostatischen Fettgewebes apikal nachgewiesen (Hinweis auf extraprostatische Ausbreitung). Samenblaseninfiltration, lymphovaskuläre Invasion, intraduktales Karzinom, ASAP, High-grade-PIN und granulomatöse Prostatitis nicht nachgewiesen.</p>
</div></blockquote><p><b>hasMember</b>: </p><ul><li><a href="Observation-CoreNeedleBiopsyHistologicalTypeICDO3.html">Observation Histology and Behavior ICD-O-3 Cancer</a></li><li><a href="Observation-CoreNeedleBiopsyMorphologyFreeText.html">Observation Histology type in Cancer specimen Narrative</a></li><li><a href="Observation-CoreNeedleBiopsyICDOVersion.html">Observation World Health Organization tumor classification (observable entity)</a></li><li><a href="Observation-CoreNeedleBiopsyPrimaryGleasonPattern.html">Observation Gleason pattern.primary in Prostate tumor</a></li><li><a href="Observation-CoreNeedleBiopsySecondaryGleasonPattern.html">Observation Gleason pattern.secondary in Prostate tumor</a></li><li><a href="Observation-CoreNeedleBiopsyGleasonScoreTotal.html">Observation Gleason score in Specimen Qualitative</a></li><li><a href="Observation-CoreNeedleBiopsyPercentageGleason45.html">Observation Prostate tumor area with Gleason pattern 4+5/Total tumor area</a></li><li><a href="Observation-CoreNeedleBiopsyGradingGroupISUP.html">Observation Prostate cancer grade group [Score] in Prostate tumor Qualitative</a></li><li><a href="Observation-CoreNeedleBiopsyHistologicalGradeWHO.html">Observation Grade Cancer</a></li><li><a href="Observation-CoreNeedleBiopsyPositiveCoresRight.html">Observation Number of tissue cores positive for carcinoma where In = Structure of right lateral lobe of prostate</a></li><li><a href="Observation-CoreNeedleBiopsyPositiveCoresLeft.html">Observation Number of tissue cores positive for carcinoma where In = Structure of left lateral lobe of prostate</a></li><li><a href="Observation-CoreNeedleBiopsyRatioPositiveCores.html">Observation Ratio of blocks with prostate tumor to total number of blocks obtained (observable entity)</a></li><li><a href="Observation-CoreNeedleBiopsyPercentageTumorTotal.html">Observation Tissue cores.positive.carcinoma in Tissue core</a></li><li><a href="Observation-CoreNeedleBiopsyTumorLengthTotal.html">Observation Total linear mm of carcinoma</a></li><li><a href="Observation-CoreNeedleBiopsyPerineuralInfiltration.html">Observation Perineural invasion [Presence] in Cancer specimen</a></li><li><a href="Observation-CoreNeedleBiopsySeminalVesicleInvasion.html">Observation Seminal vesicle invasion [Identifier] in Specimen by CAP cancer protocols</a></li><li><a href="Observation-CoreNeedleBiopsyLymphovascularInvasion.html">Observation Venous + Lymphatic small vessel invasion in Specimen by CAP cancer protocols</a></li><li><a href="Observation-CoreNeedleBiopsyPeriprostataticFatInvasion.html">Observation Periprostatic fat invasion [Identifier] in Specimen by CAP cancer protocols</a></li><li><a href="Observation-CoreNeedleBiopsyExtraprostaticExtensionLocation.html">Observation Extraprostatic extension site [Anatomy] of Prostate tumor</a></li><li><a href="Observation-CoreNeedleBiopsyIntraductalCarcinoma.html">Observation Non-infiltrating intraductal carcinoma (morphologic abnormality)</a></li><li><a href="Observation-CoreNeedleBiopsyASAP.html">Observation Atypical small acinar proliferation of prostate (disorder)</a></li><li><a href="Observation-CoreNeedleBiopsyHighGradePIN.html">Observation High grade prostatic intraepithelial neoplasia</a></li><li><a href="Observation-CoreNeedleBiopsyGranulomatousProstatiti.html">Observation Granulomatous prostatitis</a></li></ul><p><b>derivedFrom</b>: </p><ul><li><a href="Observation-CoreNeedleBiopsyPrimaerGleason01.html">Observation Gleason pattern.primary in Prostate tumor</a></li><li><a href="Observation-CoreNeedleBiopsySekundaerGleason01.html">Observation Gleason pattern.secondary in Prostate tumor</a></li><li><a href="Observation-CoreNeedleBiopsyPrimaerGleason02.html">Observation Gleason pattern.primary in Prostate tumor</a></li><li><a href="Observation-CoreNeedleBiopsySekundaerGleason02.html">Observation Gleason pattern.secondary in Prostate tumor</a></li><li><a href="Observation-CoreNeedleBiopsyProzentGleason01.html">Observation Prostate tumor area with Gleason pattern 4+5/Total tumor area [Area Fraction] in Prostate tumor by Microscopy</a></li><li><a href="Observation-CoreNeedleBiopsyProzentGleason02.html">Observation Prostate tumor area with Gleason pattern 4+5/Total tumor area [Area Fraction] in Prostate tumor by Microscopy</a></li><li><a href="Observation-CoreNeedleBiopsyGleasonGrading01.html">Observation Histologic grade of primary malignant neoplasm of prostate by International Society of Urological Pathology technique (observable entity)</a></li><li><a href="Observation-CoreNeedleBiopsyGleasonGrading02.html">Observation Prostate cancer grade group [Score] in Prostate tumor Qualitative</a></li><li><a href="Observation-CoreNeedleBiopsyVerhaeltnisPositiverStanzen01.html">Observation Ratio of blocks with prostate tumor to total number of blocks obtained (observable entity)</a></li><li><a href="Observation-CoreNeedleBiopsyVerhaeltnisPositiverStanzen02.html">Observation Ratio of blocks with prostate tumor to total number of blocks obtained (observable entity)</a></li><li><a href="Observation-CoreNeedleBiopsyTumoranteil01.html">Observation Percentage of prostatic tissue, obtained by needle biopsy, involved by carcinoma (observable entity)</a></li><li><a href="Observation-CoreNeedleBiopsyTumoranteil02.html">Observation Percentage of prostatic tissue, obtained by needle biopsy, involved by carcinoma (observable entity)</a></li><li><a href="Observation-CoreNeedleBiopsyTumorbefallinLaenge01.html">Observation Total linear mm of carcinoma</a></li><li><a href="Observation-CoreNeedleBiopsyTumorbefallinLaenge02.html">Observation Total linear mm of carcinoma</a></li><li><a href="Observation-CoreNeedleBiopsyPerineuraleInfiltration01.html">Observation Perineural invasion [Presence] in Cancer specimen</a></li><li><a href="Observation-CoreNeedleBiopsyPerineuraleInfiltration02.html">Observation Perineural invasion [Presence] in Cancer specimen</a></li><li><a href="Observation-CoreNeedleBiopsyHighGradePIN01.html">Observation High grade prostatic intraepithelial neoplasia [Presence] in Specimen by Microscopy</a></li></ul></div>
        </text>
        <basedOn>
          <reference value="ServiceRequest/CoreNeedleBiopsyReportRequest"/>
        </basedOn>
        <status value="final"/>
        <category>
          <coding>
            <system value="http://terminology.hl7.org/CodeSystem/observation-category"/>
            <code value="laboratory"/>
          </coding>
        </category>
        <code>
          <coding>
            <system value="http://loinc.org"/>
            <code value="22637-3"/>
          </coding>
        </code>
        <subject>
          <reference value="Patient/Patient1"/>
        </subject>
        <effectiveDateTime value="2023-03-15"/>
        <performer>
          <reference value="Practitioner/PathologistPractitioner"/>
        </performer>
        <note>
          <authorReference>
            <reference value="Practitioner/PathologistPractitioner"/>
          </authorReference>
          <time value="2023-03-15"/>
          <text value="Zusammenfassung: Azinäres Adenokarzinom der Prostata (ICD-O 8140/3). Höchster Gleason-Score 4+5=9, ISUP-Gradgruppe 5 (WHO 2016). 7 von 12 Stanzen tumorbefallen (4 rechts: 01, 02, 04, 06; 3 links: 07, 09, 11), prozentualer Tumoranteil 51%, Tumorlänge gesamt 52,7 mm. Perineurale Infiltration nachgewiesen. Infiltration des periprostatischen Fettgewebes apikal nachgewiesen (Hinweis auf extraprostatische Ausbreitung). Samenblaseninfiltration, lymphovaskuläre Invasion, intraduktales Karzinom, ASAP, High-grade-PIN und granulomatöse Prostatitis nicht nachgewiesen."/>
        </note>
        <hasMember>
          <reference value="Observation/CoreNeedleBiopsyHistologicalTypeICDO3"/>
        </hasMember>
        <hasMember>
          <reference value="Observation/CoreNeedleBiopsyMorphologyFreeText"/>
        </hasMember>
        <hasMember>
          <reference value="Observation/CoreNeedleBiopsyICDOVersion"/>
        </hasMember>
        <hasMember>
          <reference value="Observation/CoreNeedleBiopsyPrimaryGleasonPattern"/>
        </hasMember>
        <hasMember>
          <reference value="Observation/CoreNeedleBiopsySecondaryGleasonPattern"/>
        </hasMember>
        <hasMember>
          <reference value="Observation/CoreNeedleBiopsyGleasonScoreTotal"/>
        </hasMember>
        <hasMember>
          <reference value="Observation/CoreNeedleBiopsyPercentageGleason45"/>
        </hasMember>
        <hasMember>
          <reference value="Observation/CoreNeedleBiopsyGradingGroupISUP"/>
        </hasMember>
        <hasMember>
          <reference value="Observation/CoreNeedleBiopsyHistologicalGradeWHO"/>
        </hasMember>
        <hasMember>
          <reference value="Observation/CoreNeedleBiopsyPositiveCoresRight"/>
        </hasMember>
        <hasMember>
          <reference value="Observation/CoreNeedleBiopsyPositiveCoresLeft"/>
        </hasMember>
        <hasMember>
          <reference value="Observation/CoreNeedleBiopsyRatioPositiveCores"/>
        </hasMember>
        <hasMember>
          <reference value="Observation/CoreNeedleBiopsyPercentageTumorTotal"/>
        </hasMember>
        <hasMember>
          <reference value="Observation/CoreNeedleBiopsyTumorLengthTotal"/>
        </hasMember>
        <hasMember>
          <reference value="Observation/CoreNeedleBiopsyPerineuralInfiltration"/>
        </hasMember>
        <hasMember>
          <reference value="Observation/CoreNeedleBiopsySeminalVesicleInvasion"/>
        </hasMember>
        <hasMember>
          <reference value="Observation/CoreNeedleBiopsyLymphovascularInvasion"/>
        </hasMember>
        <hasMember>
          <reference value="Observation/CoreNeedleBiopsyPeriprostataticFatInvasion"/>
        </hasMember>
        <hasMember>
          <reference value="Observation/CoreNeedleBiopsyExtraprostaticExtensionLocation"/>
        </hasMember>
        <hasMember>
          <reference value="Observation/CoreNeedleBiopsyIntraductalCarcinoma"/>
        </hasMember>
        <hasMember>
          <reference value="Observation/CoreNeedleBiopsyASAP"/>
        </hasMember>
        <hasMember>
          <reference value="Observation/CoreNeedleBiopsyHighGradePIN"/>
        </hasMember>
        <hasMember>
          <reference value="Observation/CoreNeedleBiopsyGranulomatousProstatiti"/>
        </hasMember>
        <derivedFrom>
          <reference value="Observation/CoreNeedleBiopsyPrimaerGleason01"/>
        </derivedFrom>
        <derivedFrom>
          <reference value="Observation/CoreNeedleBiopsySekundaerGleason01"/>
        </derivedFrom>
        <derivedFrom>
          <reference value="Observation/CoreNeedleBiopsyPrimaerGleason02"/>
        </derivedFrom>
        <derivedFrom>
          <reference value="Observation/CoreNeedleBiopsySekundaerGleason02"/>
        </derivedFrom>
        <derivedFrom>
          <reference value="Observation/CoreNeedleBiopsyProzentGleason01"/>
        </derivedFrom>
        <derivedFrom>
          <reference value="Observation/CoreNeedleBiopsyProzentGleason02"/>
        </derivedFrom>
        <derivedFrom>
          <reference value="Observation/CoreNeedleBiopsyGleasonGrading01"/>
        </derivedFrom>
        <derivedFrom>
          <reference value="Observation/CoreNeedleBiopsyGleasonGrading02"/>
        </derivedFrom>
        <derivedFrom>
          <reference value="Observation/CoreNeedleBiopsyVerhaeltnisPositiverStanzen01"/>
        </derivedFrom>
        <derivedFrom>
          <reference value="Observation/CoreNeedleBiopsyVerhaeltnisPositiverStanzen02"/>
        </derivedFrom>
        <derivedFrom>
          <reference value="Observation/CoreNeedleBiopsyTumoranteil01"/>
        </derivedFrom>
        <derivedFrom>
          <reference value="Observation/CoreNeedleBiopsyTumoranteil02"/>
        </derivedFrom>
        <derivedFrom>
          <reference value="Observation/CoreNeedleBiopsyTumorbefallinLaenge01"/>
        </derivedFrom>
        <derivedFrom>
          <reference value="Observation/CoreNeedleBiopsyTumorbefallinLaenge02"/>
        </derivedFrom>
        <derivedFrom>
          <reference value="Observation/CoreNeedleBiopsyPerineuraleInfiltration01"/>
        </derivedFrom>
        <derivedFrom>
          <reference value="Observation/CoreNeedleBiopsyPerineuraleInfiltration02"/>
        </derivedFrom>
        <derivedFrom>
          <reference value="Observation/CoreNeedleBiopsyHighGradePIN01"/>
        </derivedFrom>
      </Observation>
    </resource>
  </entry>
  <entry>
    <fullUrl value="http://prostatecancerspec.org/Observation/CoreNeedleBiopsyMacroscopicGrouper"/>
    <resource>
      <Observation>
        <id value="CoreNeedleBiopsyMacroscopicGrouper"/>
        <meta>
          <profile value="https://www.medizininformatik-initiative.de/fhir/ext/modul-patho/StructureDefinition/mii-pr-patho-macroscopic-grouper|2026.0.0"/>
        </meta>
        <text>
          <status value="generated"/><div xmlns="http://www.w3.org/1999/xhtml"><a name="Observation_CoreNeedleBiopsyMacroscopicGrouper"> </a><p class="res-header-id"><b>Generated Narrative: Observation CoreNeedleBiopsyMacroscopicGrouper</b></p><a name="CoreNeedleBiopsyMacroscopicGrouper"> </a><a name="hcCoreNeedleBiopsyMacroscopicGrouper"> </a><div style="display: inline-block; background-color: #d9e0e7; padding: 6px; margin: 4px; border: 1px solid #8da1b4; border-radius: 5px; line-height: 60%"><p style="margin-bottom: 0px"/><p style="margin-bottom: 0px">Profile: <a href="https://simplifier.net/resolve?scope=de.medizininformatikinitiative.kerndatensatz.patho@2026.0.0&amp;canonical=https://www.medizininformatik-initiative.de/fhir/ext/modul-patho/StructureDefinition/mii-pr-patho-macroscopic-grouper">MII PR Patho Macroscopic Grouperversion: null2026.0.0)</a></p></div><p><b>status</b>: Final</p><p><b>category</b>: <span title="Codes:{http://terminology.hl7.org/CodeSystem/observation-category laboratory}">Laboratory</span></p><p><b>code</b>: <span title="Codes:{http://loinc.org 22634-0}">Pathology report gross observation Narrative</span></p><p><b>subject</b>: <a href="Patient-Patient1.html">Hans Mueller  Male, DoB: 1955-08-15 ( http://example.hospital.de/patient-ids#PAT-2024-001)</a></p><p><b>effective</b>: 2024-01-15 14:00:00+0100</p><p><b>performer</b>: <a href="Practitioner-PathologistPractitioner.html">Practitioner Maria Schneider </a></p><p><b>value</b>: Makroskopische Messungen aller 12 Prostatastanzen</p><p><b>note</b>: </p><blockquote><div><p>Makroskopische Messungen für alle 12 Prostatastanzen: Längen 1.3-1.9 cm, je 1 Zylinder pro Specimen. Stanzen 01-06 aus rechter Prostataregion (lateral basal/mid/apikal, medial basal/mid/apikal), Stanzen 07-12 aus linker Prostataregion (lateral basal/mid/apikal, medial basal/mid/apikal).</p>
</div></blockquote><p><b>bodySite</b>: <span title="Codes:{http://snomed.info/sct 41216001}">Prostatic structure (body structure)</span></p><p><b>derivedFrom</b>: </p><ul><li><a href="Observation-CoreNeedleBiopsyMacroscopicLength01.html">Observation Length of tissue core(s)</a></li><li><a href="Observation-CoreNeedleBiopsyMacroscopicLength02.html">Observation Length of tissue core(s)</a></li><li><a href="Observation-CoreNeedleBiopsyMacroscopicLength03.html">Observation Length of tissue core(s)</a></li><li><a href="Observation-CoreNeedleBiopsyMacroscopicLength04.html">Observation Length of tissue core(s)</a></li><li><a href="Observation-CoreNeedleBiopsyMacroscopicLength05.html">Observation Length of tissue core(s)</a></li><li><a href="Observation-CoreNeedleBiopsyMacroscopicLength06.html">Observation Length of tissue core(s)</a></li><li><a href="Observation-CoreNeedleBiopsyMacroscopicLength07.html">Observation Length of tissue core(s)</a></li><li><a href="Observation-CoreNeedleBiopsyMacroscopicLength08.html">Observation Length of tissue core(s)</a></li><li><a href="Observation-CoreNeedleBiopsyMacroscopicLength09.html">Observation Length of tissue core(s)</a></li><li><a href="Observation-CoreNeedleBiopsyMacroscopicLength10.html">Observation Length of tissue core(s)</a></li><li><a href="Observation-CoreNeedleBiopsyMacroscopicLength11.html">Observation Length of tissue core(s)</a></li><li><a href="Observation-CoreNeedleBiopsyMacroscopicLength12.html">Observation Length of tissue core(s)</a></li><li><a href="Observation-CoreNeedleBiopsyMacroscopicCylinderCount01.html">Observation Total number of cores in Tissue core</a></li><li><a href="Observation-CoreNeedleBiopsyMacroscopicCylinderCount02.html">Observation Total number of cores in Tissue core</a></li><li><a href="Observation-CoreNeedleBiopsyMacroscopicCylinderCount03.html">Observation Total number of cores in Tissue core</a></li><li><a href="Observation-CoreNeedleBiopsyMacroscopicCylinderCount04.html">Observation Total number of cores in Tissue core</a></li><li><a href="Observation-CoreNeedleBiopsyMacroscopicCylinderCount05.html">Observation Total number of cores in Tissue core</a></li><li><a href="Observation-CoreNeedleBiopsyMacroscopicCylinderCount06.html">Observation Total number of cores in Tissue core</a></li><li><a href="Observation-CoreNeedleBiopsyMacroscopicCylinderCount07.html">Observation Total number of cores in Tissue core</a></li><li><a href="Observation-CoreNeedleBiopsyMacroscopicCylinderCount08.html">Observation Total number of cores in Tissue core</a></li><li><a href="Observation-CoreNeedleBiopsyMacroscopicCylinderCount09.html">Observation Total number of cores in Tissue core</a></li><li><a href="Observation-CoreNeedleBiopsyMacroscopicCylinderCount10.html">Observation Total number of cores in Tissue core</a></li><li><a href="Observation-CoreNeedleBiopsyMacroscopicCylinderCount11.html">Observation Total number of cores in Tissue core</a></li><li><a href="Observation-CoreNeedleBiopsyMacroscopicCylinderCount12.html">Observation Total number of cores in Tissue core</a></li><li><a href="Observation-CoreNeedleBiopsyMacroscopicLaterality01.html">Observation Laterality</a></li><li><a href="Observation-CoreNeedleBiopsyMacroscopicLaterality02.html">Observation Laterality</a></li><li><a href="Observation-CoreNeedleBiopsyMacroscopicLaterality03.html">Observation Laterality</a></li><li><a href="Observation-CoreNeedleBiopsyMacroscopicLaterality04.html">Observation Laterality</a></li><li><a href="Observation-CoreNeedleBiopsyMacroscopicLaterality05.html">Observation Laterality</a></li><li><a href="Observation-CoreNeedleBiopsyMacroscopicLaterality06.html">Observation Laterality</a></li><li><a href="Observation-CoreNeedleBiopsyMacroscopicLaterality07.html">Observation Laterality</a></li><li><a href="Observation-CoreNeedleBiopsyMacroscopicLaterality08.html">Observation Laterality</a></li><li><a href="Observation-CoreNeedleBiopsyMacroscopicLaterality09.html">Observation Laterality</a></li><li><a href="Observation-CoreNeedleBiopsyMacroscopicLaterality10.html">Observation Laterality</a></li><li><a href="Observation-CoreNeedleBiopsyMacroscopicLaterality11.html">Observation Laterality</a></li><li><a href="Observation-CoreNeedleBiopsyMacroscopicLaterality12.html">Observation Laterality</a></li></ul></div>
        </text>
        <status value="final"/>
        <category>
          <coding>
            <system value="http://terminology.hl7.org/CodeSystem/observation-category"/>
            <code value="laboratory"/>
          </coding>
        </category>
        <code>
          <coding>
            <system value="http://loinc.org"/>
            <code value="22634-0"/>
          </coding>
        </code>
        <subject>
          <reference value="Patient/Patient1"/>
        </subject>
        <effectiveDateTime value="2024-01-15T14:00:00+01:00"/>
        <performer>
          <reference value="Practitioner/PathologistPractitioner"/>
        </performer>
        <valueString value="Makroskopische Messungen aller 12 Prostatastanzen"/>
        <note>
          <text value="Makroskopische Messungen für alle 12 Prostatastanzen: Längen 1.3-1.9 cm, je 1 Zylinder pro Specimen. Stanzen 01-06 aus rechter Prostataregion (lateral basal/mid/apikal, medial basal/mid/apikal), Stanzen 07-12 aus linker Prostataregion (lateral basal/mid/apikal, medial basal/mid/apikal)."/>
        </note>
        <bodySite>
          <coding>
            <system value="http://snomed.info/sct"/>
            <code value="41216001"/>
            <display value="Prostatic structure (body structure)"/>
          </coding>
        </bodySite>
        <derivedFrom>
          <reference value="Observation/CoreNeedleBiopsyMacroscopicLength01"/>
        </derivedFrom>
        <derivedFrom>
          <reference value="Observation/CoreNeedleBiopsyMacroscopicLength02"/>
        </derivedFrom>
        <derivedFrom>
          <reference value="Observation/CoreNeedleBiopsyMacroscopicLength03"/>
        </derivedFrom>
        <derivedFrom>
          <reference value="Observation/CoreNeedleBiopsyMacroscopicLength04"/>
        </derivedFrom>
        <derivedFrom>
          <reference value="Observation/CoreNeedleBiopsyMacroscopicLength05"/>
        </derivedFrom>
        <derivedFrom>
          <reference value="Observation/CoreNeedleBiopsyMacroscopicLength06"/>
        </derivedFrom>
        <derivedFrom>
          <reference value="Observation/CoreNeedleBiopsyMacroscopicLength07"/>
        </derivedFrom>
        <derivedFrom>
          <reference value="Observation/CoreNeedleBiopsyMacroscopicLength08"/>
        </derivedFrom>
        <derivedFrom>
          <reference value="Observation/CoreNeedleBiopsyMacroscopicLength09"/>
        </derivedFrom>
        <derivedFrom>
          <reference value="Observation/CoreNeedleBiopsyMacroscopicLength10"/>
        </derivedFrom>
        <derivedFrom>
          <reference value="Observation/CoreNeedleBiopsyMacroscopicLength11"/>
        </derivedFrom>
        <derivedFrom>
          <reference value="Observation/CoreNeedleBiopsyMacroscopicLength12"/>
        </derivedFrom>
        <derivedFrom>
          <reference value="Observation/CoreNeedleBiopsyMacroscopicCylinderCount01"/>
        </derivedFrom>
        <derivedFrom>
          <reference value="Observation/CoreNeedleBiopsyMacroscopicCylinderCount02"/>
        </derivedFrom>
        <derivedFrom>
          <reference value="Observation/CoreNeedleBiopsyMacroscopicCylinderCount03"/>
        </derivedFrom>
        <derivedFrom>
          <reference value="Observation/CoreNeedleBiopsyMacroscopicCylinderCount04"/>
        </derivedFrom>
        <derivedFrom>
          <reference value="Observation/CoreNeedleBiopsyMacroscopicCylinderCount05"/>
        </derivedFrom>
        <derivedFrom>
          <reference value="Observation/CoreNeedleBiopsyMacroscopicCylinderCount06"/>
        </derivedFrom>
        <derivedFrom>
          <reference value="Observation/CoreNeedleBiopsyMacroscopicCylinderCount07"/>
        </derivedFrom>
        <derivedFrom>
          <reference value="Observation/CoreNeedleBiopsyMacroscopicCylinderCount08"/>
        </derivedFrom>
        <derivedFrom>
          <reference value="Observation/CoreNeedleBiopsyMacroscopicCylinderCount09"/>
        </derivedFrom>
        <derivedFrom>
          <reference value="Observation/CoreNeedleBiopsyMacroscopicCylinderCount10"/>
        </derivedFrom>
        <derivedFrom>
          <reference value="Observation/CoreNeedleBiopsyMacroscopicCylinderCount11"/>
        </derivedFrom>
        <derivedFrom>
          <reference value="Observation/CoreNeedleBiopsyMacroscopicCylinderCount12"/>
        </derivedFrom>
        <derivedFrom>
          <reference value="Observation/CoreNeedleBiopsyMacroscopicLaterality01"/>
        </derivedFrom>
        <derivedFrom>
          <reference value="Observation/CoreNeedleBiopsyMacroscopicLaterality02"/>
        </derivedFrom>
        <derivedFrom>
          <reference value="Observation/CoreNeedleBiopsyMacroscopicLaterality03"/>
        </derivedFrom>
        <derivedFrom>
          <reference value="Observation/CoreNeedleBiopsyMacroscopicLaterality04"/>
        </derivedFrom>
        <derivedFrom>
          <reference value="Observation/CoreNeedleBiopsyMacroscopicLaterality05"/>
        </derivedFrom>
        <derivedFrom>
          <reference value="Observation/CoreNeedleBiopsyMacroscopicLaterality06"/>
        </derivedFrom>
        <derivedFrom>
          <reference value="Observation/CoreNeedleBiopsyMacroscopicLaterality07"/>
        </derivedFrom>
        <derivedFrom>
          <reference value="Observation/CoreNeedleBiopsyMacroscopicLaterality08"/>
        </derivedFrom>
        <derivedFrom>
          <reference value="Observation/CoreNeedleBiopsyMacroscopicLaterality09"/>
        </derivedFrom>
        <derivedFrom>
          <reference value="Observation/CoreNeedleBiopsyMacroscopicLaterality10"/>
        </derivedFrom>
        <derivedFrom>
          <reference value="Observation/CoreNeedleBiopsyMacroscopicLaterality11"/>
        </derivedFrom>
        <derivedFrom>
          <reference value="Observation/CoreNeedleBiopsyMacroscopicLaterality12"/>
        </derivedFrom>
      </Observation>
    </resource>
  </entry>
  <entry>
    <fullUrl value="http://prostatecancerspec.org/Observation/CoreNeedleBiopsyMicroscopicGrouper"/>
    <resource>
      <Observation>
        <id value="CoreNeedleBiopsyMicroscopicGrouper"/>
        <meta>
          <profile value="https://www.medizininformatik-initiative.de/fhir/ext/modul-patho/StructureDefinition/mii-pr-patho-microscopic-grouper|2026.0.0"/>
        </meta>
        <text>
          <status value="generated"/><div xmlns="http://www.w3.org/1999/xhtml"><a name="Observation_CoreNeedleBiopsyMicroscopicGrouper"> </a><p class="res-header-id"><b>Generated Narrative: Observation CoreNeedleBiopsyMicroscopicGrouper</b></p><a name="CoreNeedleBiopsyMicroscopicGrouper"> </a><a name="hcCoreNeedleBiopsyMicroscopicGrouper"> </a><div style="display: inline-block; background-color: #d9e0e7; padding: 6px; margin: 4px; border: 1px solid #8da1b4; border-radius: 5px; line-height: 60%"><p style="margin-bottom: 0px"/><p style="margin-bottom: 0px">Profile: <a href="https://simplifier.net/resolve?scope=de.medizininformatikinitiative.kerndatensatz.patho@2026.0.0&amp;canonical=https://www.medizininformatik-initiative.de/fhir/ext/modul-patho/StructureDefinition/mii-pr-patho-microscopic-grouper">MII PR Patho Microscopic Grouperversion: null2026.0.0)</a></p></div><p><b>status</b>: Final</p><p><b>category</b>: <span title="Codes:{http://terminology.hl7.org/CodeSystem/observation-category laboratory}">Laboratory</span></p><p><b>code</b>: <span title="Codes:{http://loinc.org 22635-7}">Pathology report microscopic observation Narrative Other stain</span></p><p><b>subject</b>: <a href="Patient-Patient1.html">Hans Mueller  Male, DoB: 1955-08-15 ( http://example.hospital.de/patient-ids#PAT-2024-001)</a></p><p><b>effective</b>: 2024-01-17 10:00:00+0100</p><p><b>performer</b>: <a href="Practitioner-PathologistPractitioner.html">Practitioner Maria Schneider </a></p><p><b>value</b>: Mikroskopische Befunde aller 12 Prostatastanzen</p><p><b>note</b>: </p><blockquote><div><p>Mikroskopische Untersuchung der 12 Prostatastanzen: Adenokarzinom in 7 von 12 Stanzen nachgewiesen (01, 02, 04, 06, 07, 09, 11). Gleason Scores: Stanze 01 (3+4=7), Stanze 02 (4+3=7), Stanze 04 (4+4=8), Stanze 06 (3+3=6), Stanze 07 (4+5=9), Stanze 09 (3+4=7), Stanze 11 (3+4=7). Höchster Gleason-Score 4+5=9, ISUP-Gradgruppe 5. Benigne Befunde in Stanzen 03, 05, 08, 10, 12.</p>
</div></blockquote><p><b>bodySite</b>: <span title="Codes:{http://snomed.info/sct 41216001}">Prostatic structure (body structure)</span></p><p><b>derivedFrom</b>: </p><ul><li><a href="Observation-CoreNeedleBiopsyHistoTyp01.html">Observation Histology and Behavior ICD-O-3 Cancer</a></li><li><a href="Observation-CoreNeedleBiopsyMorphText01.html">Observation Histology type in Cancer specimen Narrative</a></li><li><a href="Observation-CoreNeedleBiopsyPrimaerGleason01.html">Observation Gleason pattern.primary in Prostate tumor</a></li><li><a href="Observation-CoreNeedleBiopsySekundaerGleason01.html">Observation Gleason pattern.secondary in Prostate tumor</a></li><li><a href="Observation-CoreNeedleBiopsyProzentGleason01.html">Observation Prostate tumor area with Gleason pattern 4+5/Total tumor area [Area Fraction] in Prostate tumor by Microscopy</a></li><li><a href="Observation-CoreNeedleBiopsyGleasonGrading01.html">Observation Histologic grade of primary malignant neoplasm of prostate by International Society of Urological Pathology technique (observable entity)</a></li><li><a href="Observation-CoreNeedleBiopsyVerhaeltnisPositiverStanzen01.html">Observation Ratio of blocks with prostate tumor to total number of blocks obtained (observable entity)</a></li><li><a href="Observation-CoreNeedleBiopsyTumoranteil01.html">Observation Percentage of prostatic tissue, obtained by needle biopsy, involved by carcinoma (observable entity)</a></li><li><a href="Observation-CoreNeedleBiopsyTumorbefallinLaenge01.html">Observation Total linear mm of carcinoma</a></li><li><a href="Observation-CoreNeedleBiopsyPerineuraleInfiltration01.html">Observation Perineural invasion [Presence] in Cancer specimen</a></li><li><a href="Observation-CoreNeedleBiopsyTumornachweisinSamenblase01.html">Observation Seminal vesicle invasion [Identifier] in Specimen by CAP cancer protocols</a></li><li><a href="Observation-CoreNeedleBiopsyLymphovaskulaereInvasion01.html">Observation Venous + Lymphatic small vessel invasion in Specimen by CAP cancer protocols</a></li><li><a href="Observation-CoreNeedleBiopsyTumornachweisInFettgewebe01.html">Observation Periprostatic fat invasion [Identifier] in Specimen by CAP cancer protocols</a></li><li><a href="Observation-CoreNeedleBiopsyIntraduktalesKarzinom01.html">Observation Non-infiltrating intraductal carcinoma (morphologic abnormality)</a></li><li><a href="Observation-CoreNeedleBiopsyASAP01.html">Observation Atypical small acinar proliferation of prostate (disorder)</a></li><li><a href="Observation-CoreNeedleBiopsyHighGradePIN01.html">Observation High grade prostatic intraepithelial neoplasia [Presence] in Specimen by Microscopy</a></li><li><a href="Observation-CoreNeedleBiopsyGranulomatoeseProstatitis01.html">Observation Granulomatous prostatitis [Presence] in Specimen by Microscopy</a></li><li><a href="Observation-CoreNeedleBiopsyHistoTyp02.html">Observation Histology and Behavior ICD-O-3 Cancer</a></li><li><a href="Observation-CoreNeedleBiopsyMorphText02.html">Observation Histology type in Cancer specimen Narrative</a></li><li><a href="Observation-CoreNeedleBiopsyPrimaerGleason02.html">Observation Gleason pattern.primary in Prostate tumor</a></li><li><a href="Observation-CoreNeedleBiopsySekundaerGleason02.html">Observation Gleason pattern.secondary in Prostate tumor</a></li><li><a href="Observation-CoreNeedleBiopsyProzentGleason02.html">Observation Prostate tumor area with Gleason pattern 4+5/Total tumor area [Area Fraction] in Prostate tumor by Microscopy</a></li><li><a href="Observation-CoreNeedleBiopsyGleasonGrading02.html">Observation Prostate cancer grade group [Score] in Prostate tumor Qualitative</a></li><li><a href="Observation-CoreNeedleBiopsyVerhaeltnisPositiverStanzen02.html">Observation Ratio of blocks with prostate tumor to total number of blocks obtained (observable entity)</a></li><li><a href="Observation-CoreNeedleBiopsyTumoranteil02.html">Observation Percentage of prostatic tissue, obtained by needle biopsy, involved by carcinoma (observable entity)</a></li><li><a href="Observation-CoreNeedleBiopsyTumorbefallinLaenge02.html">Observation Total linear mm of carcinoma</a></li><li><a href="Observation-CoreNeedleBiopsyPerineuraleInfiltration02.html">Observation Perineural invasion [Presence] in Cancer specimen</a></li><li><a href="Observation-CoreNeedleBiopsyTumornachweisinSamenblase02.html">Observation Seminal vesicle invasion [Identifier] in Specimen by CAP cancer protocols</a></li><li><a href="Observation-CoreNeedleBiopsyLymphovaskulaereInvasion02.html">Observation Venous + Lymphatic small vessel invasion in Specimen by CAP cancer protocols</a></li><li><a href="Observation-CoreNeedleBiopsyTumornachweisInFettgewebe02.html">Observation Periprostatic fat invasion [Identifier] in Specimen by CAP cancer protocols</a></li><li><a href="Observation-CoreNeedleBiopsyIntraduktalesKarzinom02.html">Observation Non-infiltrating intraductal carcinoma (morphologic abnormality)</a></li><li><a href="Observation-CoreNeedleBiopsyASAP02.html">Observation Atypical small acinar proliferation of prostate (disorder)</a></li><li><a href="Observation-CoreNeedleBiopsyHighGradePIN02.html">Observation High grade prostatic intraepithelial neoplasia [Presence] in Specimen by Microscopy</a></li><li><a href="Observation-CoreNeedleBiopsyGranulomatoeseProstatitis02.html">Observation Granulomatous prostatitis [Presence] in Specimen by Microscopy</a></li><li><a href="Observation-CoreNeedleBiopsyHistoTyp03.html">Observation Histology and Behavior ICD-O-3 Cancer</a></li><li><a href="Observation-CoreNeedleBiopsyMorphText03.html">Observation Histology type in Cancer specimen Narrative</a></li><li><a href="Observation-CoreNeedleBiopsyHistoTyp04.html">Observation Histology and Behavior ICD-O-3 Cancer</a></li><li><a href="Observation-CoreNeedleBiopsyMorphText04.html">Observation Histology type in Cancer specimen Narrative</a></li><li><a href="Observation-CoreNeedleBiopsyPrimaerGleason04.html">Observation Gleason pattern.primary in Prostate tumor</a></li><li><a href="Observation-CoreNeedleBiopsySekundaerGleason04.html">Observation Gleason pattern.secondary in Prostate tumor</a></li><li><a href="Observation-CoreNeedleBiopsyProzentGleason04.html">Observation Prostate tumor area with Gleason pattern 4+5/Total tumor area [Area Fraction] in Prostate tumor by Microscopy</a></li><li><a href="Observation-CoreNeedleBiopsyGleasonGrading04.html">Observation Prostate cancer grade group [Score] in Prostate tumor Qualitative</a></li><li><a href="Observation-CoreNeedleBiopsyVerhaeltnisPositiverStanzen04.html">Observation Ratio of blocks with prostate tumor to total number of blocks obtained (observable entity)</a></li><li><a href="Observation-CoreNeedleBiopsyTumoranteil04.html">Observation Percentage of prostatic tissue, obtained by needle biopsy, involved by carcinoma (observable entity)</a></li><li><a href="Observation-CoreNeedleBiopsyTumorbefallinLaenge04.html">Observation Total linear mm of carcinoma</a></li><li><a href="Observation-CoreNeedleBiopsyPerineuraleInfiltration04.html">Observation Perineural invasion [Presence] in Cancer specimen</a></li><li><a href="Observation-CoreNeedleBiopsyTumornachweisinSamenblase04.html">Observation Seminal vesicle invasion [Identifier] in Specimen by CAP cancer protocols</a></li><li><a href="Observation-CoreNeedleBiopsyLymphovaskulaereInvasion04.html">Observation Venous + Lymphatic small vessel invasion in Specimen by CAP cancer protocols</a></li><li><a href="Observation-CoreNeedleBiopsyTumornachweisInFettgewebe04.html">Observation Periprostatic fat invasion [Identifier] in Specimen by CAP cancer protocols</a></li><li><a href="Observation-CoreNeedleBiopsyIntraduktalesKarzinom04.html">Observation Non-infiltrating intraductal carcinoma (morphologic abnormality)</a></li><li><a href="Observation-CoreNeedleBiopsyASAP04.html">Observation Atypical small acinar proliferation of prostate (disorder)</a></li><li><a href="Observation-CoreNeedleBiopsyHighGradePIN04.html">Observation High grade prostatic intraepithelial neoplasia [Presence] in Specimen by Microscopy</a></li><li><a href="Observation-CoreNeedleBiopsyGranulomatoeseProstatitis04.html">Observation Granulomatous prostatitis [Presence] in Specimen by Microscopy</a></li><li><a href="Observation-CoreNeedleBiopsyHistoTyp05.html">Observation Histology and Behavior ICD-O-3 Cancer</a></li><li><a href="Observation-CoreNeedleBiopsyMorphText05.html">Observation Histology type in Cancer specimen Narrative</a></li><li><a href="Observation-CoreNeedleBiopsyHistoTyp06.html">Observation Histology and Behavior ICD-O-3 Cancer</a></li><li><a href="Observation-CoreNeedleBiopsyMorphText06.html">Observation Histology type in Cancer specimen Narrative</a></li><li><a href="Observation-CoreNeedleBiopsyPrimaerGleason06.html">Observation Gleason pattern.primary in Prostate tumor</a></li><li><a href="Observation-CoreNeedleBiopsySekundaerGleason06.html">Observation Gleason pattern.secondary in Prostate tumor</a></li><li><a href="Observation-CoreNeedleBiopsyProzentGleason06.html">Observation Prostate tumor area with Gleason pattern 4+5/Total tumor area [Area Fraction] in Prostate tumor by Microscopy</a></li><li><a href="Observation-CoreNeedleBiopsyGleasonGrading06.html">Observation Prostate cancer grade group [Score] in Prostate tumor Qualitative</a></li><li><a href="Observation-CoreNeedleBiopsyVerhaeltnisPositiverStanzen06.html">Observation Ratio of blocks with prostate tumor to total number of blocks obtained (observable entity)</a></li><li><a href="Observation-CoreNeedleBiopsyTumoranteil06.html">Observation Percentage of prostatic tissue, obtained by needle biopsy, involved by carcinoma (observable entity)</a></li><li><a href="Observation-CoreNeedleBiopsyTumorbefallinLaenge06.html">Observation Total linear mm of carcinoma</a></li><li><a href="Observation-CoreNeedleBiopsyPerineuraleInfiltration06.html">Observation Perineural invasion [Presence] in Cancer specimen</a></li><li><a href="Observation-CoreNeedleBiopsyTumornachweisinSamenblase06.html">Observation Seminal vesicle invasion [Identifier] in Specimen by CAP cancer protocols</a></li><li><a href="Observation-CoreNeedleBiopsyLymphovaskulaereInvasion06.html">Observation Venous + Lymphatic small vessel invasion in Specimen by CAP cancer protocols</a></li><li><a href="Observation-CoreNeedleBiopsyTumornachweisInFettgewebe06.html">Observation Periprostatic fat invasion [Identifier] in Specimen by CAP cancer protocols</a></li><li><a href="Observation-CoreNeedleBiopsyIntraduktalesKarzinom06.html">Observation Non-infiltrating intraductal carcinoma (morphologic abnormality)</a></li><li><a href="Observation-CoreNeedleBiopsyASAP06.html">Observation Atypical small acinar proliferation of prostate (disorder)</a></li><li><a href="Observation-CoreNeedleBiopsyHighGradePIN06.html">Observation High grade prostatic intraepithelial neoplasia [Presence] in Specimen by Microscopy</a></li><li><a href="Observation-CoreNeedleBiopsyGranulomatoeseProstatitis06.html">Observation Granulomatous prostatitis [Presence] in Specimen by Microscopy</a></li><li><a href="Observation-CoreNeedleBiopsyHistoTyp07.html">Observation Histology and Behavior ICD-O-3 Cancer</a></li><li><a href="Observation-CoreNeedleBiopsyMorphText07.html">Observation Histology type in Cancer specimen Narrative</a></li><li><a href="Observation-CoreNeedleBiopsyPrimaerGleason07.html">Observation Gleason pattern.primary in Prostate tumor</a></li><li><a href="Observation-CoreNeedleBiopsySekundaerGleason07.html">Observation Gleason pattern.secondary in Prostate tumor</a></li><li><a href="Observation-CoreNeedleBiopsyProzentGleason07.html">Observation Prostate tumor area with Gleason pattern 4+5/Total tumor area [Area Fraction] in Prostate tumor by Microscopy</a></li><li><a href="Observation-CoreNeedleBiopsyGleasonGrading07.html">Observation Prostate cancer grade group [Score] in Prostate tumor Qualitative</a></li><li><a href="Observation-CoreNeedleBiopsyVerhaeltnisPositiverStanzen07.html">Observation Ratio of blocks with prostate tumor to total number of blocks obtained (observable entity)</a></li><li><a href="Observation-CoreNeedleBiopsyTumoranteil07.html">Observation Percentage of prostatic tissue, obtained by needle biopsy, involved by carcinoma (observable entity)</a></li><li><a href="Observation-CoreNeedleBiopsyTumorbefallinLaenge07.html">Observation Total linear mm of carcinoma</a></li><li><a href="Observation-CoreNeedleBiopsyPerineuraleInfiltration07.html">Observation Perineural invasion [Presence] in Cancer specimen</a></li><li><a href="Observation-CoreNeedleBiopsyTumornachweisinSamenblase07.html">Observation Seminal vesicle invasion [Identifier] in Specimen by CAP cancer protocols</a></li><li><a href="Observation-CoreNeedleBiopsyLymphovaskulaereInvasion07.html">Observation Venous + Lymphatic small vessel invasion in Specimen by CAP cancer protocols</a></li><li><a href="Observation-CoreNeedleBiopsyTumornachweisInFettgewebe07.html">Observation Periprostatic fat invasion [Identifier] in Specimen by CAP cancer protocols</a></li><li><a href="Observation-CoreNeedleBiopsyIntraduktalesKarzinom07.html">Observation Non-infiltrating intraductal carcinoma (morphologic abnormality)</a></li><li><a href="Observation-CoreNeedleBiopsyASAP07.html">Observation Atypical small acinar proliferation of prostate (disorder)</a></li><li><a href="Observation-CoreNeedleBiopsyHighGradePIN07.html">Observation High grade prostatic intraepithelial neoplasia [Presence] in Specimen by Microscopy</a></li><li><a href="Observation-CoreNeedleBiopsyGranulomatoeseProstatitis07.html">Observation Granulomatous prostatitis [Presence] in Specimen by Microscopy</a></li><li><a href="Observation-CoreNeedleBiopsyHistoTyp08.html">Observation Histology and Behavior ICD-O-3 Cancer</a></li><li><a href="Observation-CoreNeedleBiopsyMorphText08.html">Observation Histology type in Cancer specimen Narrative</a></li><li><a href="Observation-CoreNeedleBiopsyHistoTyp09.html">Observation Histology and Behavior ICD-O-3 Cancer</a></li><li><a href="Observation-CoreNeedleBiopsyMorphText09.html">Observation Histology type in Cancer specimen Narrative</a></li><li><a href="Observation-CoreNeedleBiopsyPrimaerGleason09.html">Observation Gleason pattern.primary in Prostate tumor</a></li><li><a href="Observation-CoreNeedleBiopsySekundaerGleason09.html">Observation Gleason pattern.secondary in Prostate tumor</a></li><li><a href="Observation-CoreNeedleBiopsyProzentGleason09.html">Observation Prostate tumor area with Gleason pattern 4+5/Total tumor area [Area Fraction] in Prostate tumor by Microscopy</a></li><li><a href="Observation-CoreNeedleBiopsyGleasonGrading09.html">Observation Prostate cancer grade group [Score] in Prostate tumor Qualitative</a></li><li><a href="Observation-CoreNeedleBiopsyVerhaeltnisPositiverStanzen09.html">Observation Ratio of blocks with prostate tumor to total number of blocks obtained (observable entity)</a></li><li><a href="Observation-CoreNeedleBiopsyTumoranteil09.html">Observation Percentage of prostatic tissue, obtained by needle biopsy, involved by carcinoma (observable entity)</a></li><li><a href="Observation-CoreNeedleBiopsyTumorbefallinLaenge09.html">Observation Total linear mm of carcinoma</a></li><li><a href="Observation-CoreNeedleBiopsyPerineuraleInfiltration09.html">Observation Perineural invasion [Presence] in Cancer specimen</a></li><li><a href="Observation-CoreNeedleBiopsyTumornachweisinSamenblase09.html">Observation Seminal vesicle invasion [Identifier] in Specimen by CAP cancer protocols</a></li><li><a href="Observation-CoreNeedleBiopsyLymphovaskulaereInvasion09.html">Observation Venous + Lymphatic small vessel invasion in Specimen by CAP cancer protocols</a></li><li><a href="Observation-CoreNeedleBiopsyTumornachweisInFettgewebe09.html">Observation Periprostatic fat invasion [Identifier] in Specimen by CAP cancer protocols</a></li><li><a href="Observation-CoreNeedleBiopsyIntraduktalesKarzinom09.html">Observation Non-infiltrating intraductal carcinoma (morphologic abnormality)</a></li><li><a href="Observation-CoreNeedleBiopsyASAP09.html">Observation Atypical small acinar proliferation of prostate (disorder)</a></li><li><a href="Observation-CoreNeedleBiopsyHighGradePIN09.html">Observation High grade prostatic intraepithelial neoplasia [Presence] in Specimen by Microscopy</a></li><li><a href="Observation-CoreNeedleBiopsyGranulomatoeseProstatitis09.html">Observation Granulomatous prostatitis [Presence] in Specimen by Microscopy</a></li><li><a href="Observation-CoreNeedleBiopsyHistoTyp10.html">Observation Histology and Behavior ICD-O-3 Cancer</a></li><li><a href="Observation-CoreNeedleBiopsyMorphText10.html">Observation Histology type in Cancer specimen Narrative</a></li><li><a href="Observation-CoreNeedleBiopsyHistoTyp11.html">Observation Histology and Behavior ICD-O-3 Cancer</a></li><li><a href="Observation-CoreNeedleBiopsyMorphText11.html">Observation Histology type in Cancer specimen Narrative</a></li><li><a href="Observation-CoreNeedleBiopsyPrimaerGleason11.html">Observation Gleason pattern.primary in Prostate tumor</a></li><li><a href="Observation-CoreNeedleBiopsySekundaerGleason11.html">Observation Gleason pattern.secondary in Prostate tumor</a></li><li><a href="Observation-CoreNeedleBiopsyProzentGleason11.html">Observation Prostate tumor area with Gleason pattern 4+5/Total tumor area [Area Fraction] in Prostate tumor by Microscopy</a></li><li><a href="Observation-CoreNeedleBiopsyGleasonGrading11.html">Observation Prostate cancer grade group [Score] in Prostate tumor Qualitative</a></li><li><a href="Observation-CoreNeedleBiopsyVerhaeltnisPositiverStanzen11.html">Observation Ratio of blocks with prostate tumor to total number of blocks obtained (observable entity)</a></li><li><a href="Observation-CoreNeedleBiopsyTumoranteil11.html">Observation Percentage of prostatic tissue, obtained by needle biopsy, involved by carcinoma (observable entity)</a></li><li><a href="Observation-CoreNeedleBiopsyTumorbefallinLaenge11.html">Observation Total linear mm of carcinoma</a></li><li><a href="Observation-CoreNeedleBiopsyPerineuraleInfiltration11.html">Observation Perineural invasion [Presence] in Cancer specimen</a></li><li><a href="Observation-CoreNeedleBiopsyTumornachweisinSamenblase11.html">Observation Seminal vesicle invasion [Identifier] in Specimen by CAP cancer protocols</a></li><li><a href="Observation-CoreNeedleBiopsyLymphovaskulaereInvasion11.html">Observation Venous + Lymphatic small vessel invasion in Specimen by CAP cancer protocols</a></li><li><a href="Observation-CoreNeedleBiopsyTumornachweisInFettgewebe11.html">Observation Periprostatic fat invasion [Identifier] in Specimen by CAP cancer protocols</a></li><li><a href="Observation-CoreNeedleBiopsyIntraduktalesKarzinom11.html">Observation Non-infiltrating intraductal carcinoma (morphologic abnormality)</a></li><li><a href="Observation-CoreNeedleBiopsyASAP11.html">Observation Atypical small acinar proliferation of prostate (disorder)</a></li><li><a href="Observation-CoreNeedleBiopsyHighGradePIN11.html">Observation High grade prostatic intraepithelial neoplasia [Presence] in Specimen by Microscopy</a></li><li><a href="Observation-CoreNeedleBiopsyGranulomatoeseProstatitis11.html">Observation Granulomatous prostatitis [Presence] in Specimen by Microscopy</a></li><li><a href="Observation-CoreNeedleBiopsyHistoTyp12.html">Observation Histology and Behavior ICD-O-3 Cancer</a></li><li><a href="Observation-CoreNeedleBiopsyMorphText12.html">Observation Histology type in Cancer specimen Narrative</a></li></ul></div>
        </text>
        <status value="final"/>
        <category>
          <coding>
            <system value="http://terminology.hl7.org/CodeSystem/observation-category"/>
            <code value="laboratory"/>
          </coding>
        </category>
        <code>
          <coding>
            <system value="http://loinc.org"/>
            <code value="22635-7"/>
          </coding>
        </code>
        <subject>
          <reference value="Patient/Patient1"/>
        </subject>
        <effectiveDateTime value="2024-01-17T10:00:00+01:00"/>
        <performer>
          <reference value="Practitioner/PathologistPractitioner"/>
        </performer>
        <valueString value="Mikroskopische Befunde aller 12 Prostatastanzen"/>
        <note>
          <text value="Mikroskopische Untersuchung der 12 Prostatastanzen: Adenokarzinom in 7 von 12 Stanzen nachgewiesen (01, 02, 04, 06, 07, 09, 11). Gleason Scores: Stanze 01 (3+4=7), Stanze 02 (4+3=7), Stanze 04 (4+4=8), Stanze 06 (3+3=6), Stanze 07 (4+5=9), Stanze 09 (3+4=7), Stanze 11 (3+4=7). Höchster Gleason-Score 4+5=9, ISUP-Gradgruppe 5. Benigne Befunde in Stanzen 03, 05, 08, 10, 12."/>
        </note>
        <bodySite>
          <coding>
            <system value="http://snomed.info/sct"/>
            <code value="41216001"/>
            <display value="Prostatic structure (body structure)"/>
          </coding>
        </bodySite>
        <derivedFrom>
          <reference value="Observation/CoreNeedleBiopsyHistoTyp01"/>
        </derivedFrom>
        <derivedFrom>
          <reference value="Observation/CoreNeedleBiopsyMorphText01"/>
        </derivedFrom>
        <derivedFrom>
          <reference value="Observation/CoreNeedleBiopsyPrimaerGleason01"/>
        </derivedFrom>
        <derivedFrom>
          <reference value="Observation/CoreNeedleBiopsySekundaerGleason01"/>
        </derivedFrom>
        <derivedFrom>
          <reference value="Observation/CoreNeedleBiopsyProzentGleason01"/>
        </derivedFrom>
        <derivedFrom>
          <reference value="Observation/CoreNeedleBiopsyGleasonGrading01"/>
        </derivedFrom>
        <derivedFrom>
          <reference value="Observation/CoreNeedleBiopsyVerhaeltnisPositiverStanzen01"/>
        </derivedFrom>
        <derivedFrom>
          <reference value="Observation/CoreNeedleBiopsyTumoranteil01"/>
        </derivedFrom>
        <derivedFrom>
          <reference value="Observation/CoreNeedleBiopsyTumorbefallinLaenge01"/>
        </derivedFrom>
        <derivedFrom>
          <reference value="Observation/CoreNeedleBiopsyPerineuraleInfiltration01"/>
        </derivedFrom>
        <derivedFrom>
          <reference value="Observation/CoreNeedleBiopsyTumornachweisinSamenblase01"/>
        </derivedFrom>
        <derivedFrom>
          <reference value="Observation/CoreNeedleBiopsyLymphovaskulaereInvasion01"/>
        </derivedFrom>
        <derivedFrom>
          <reference value="Observation/CoreNeedleBiopsyTumornachweisInFettgewebe01"/>
        </derivedFrom>
        <derivedFrom>
          <reference value="Observation/CoreNeedleBiopsyIntraduktalesKarzinom01"/>
        </derivedFrom>
        <derivedFrom>
          <reference value="Observation/CoreNeedleBiopsyASAP01"/>
        </derivedFrom>
        <derivedFrom>
          <reference value="Observation/CoreNeedleBiopsyHighGradePIN01"/>
        </derivedFrom>
        <derivedFrom>
          <reference value="Observation/CoreNeedleBiopsyGranulomatoeseProstatitis01"/>
        </derivedFrom>
        <derivedFrom>
          <reference value="Observation/CoreNeedleBiopsyHistoTyp02"/>
        </derivedFrom>
        <derivedFrom>
          <reference value="Observation/CoreNeedleBiopsyMorphText02"/>
        </derivedFrom>
        <derivedFrom>
          <reference value="Observation/CoreNeedleBiopsyPrimaerGleason02"/>
        </derivedFrom>
        <derivedFrom>
          <reference value="Observation/CoreNeedleBiopsySekundaerGleason02"/>
        </derivedFrom>
        <derivedFrom>
          <reference value="Observation/CoreNeedleBiopsyProzentGleason02"/>
        </derivedFrom>
        <derivedFrom>
          <reference value="Observation/CoreNeedleBiopsyGleasonGrading02"/>
        </derivedFrom>
        <derivedFrom>
          <reference value="Observation/CoreNeedleBiopsyVerhaeltnisPositiverStanzen02"/>
        </derivedFrom>
        <derivedFrom>
          <reference value="Observation/CoreNeedleBiopsyTumoranteil02"/>
        </derivedFrom>
        <derivedFrom>
          <reference value="Observation/CoreNeedleBiopsyTumorbefallinLaenge02"/>
        </derivedFrom>
        <derivedFrom>
          <reference value="Observation/CoreNeedleBiopsyPerineuraleInfiltration02"/>
        </derivedFrom>
        <derivedFrom>
          <reference value="Observation/CoreNeedleBiopsyTumornachweisinSamenblase02"/>
        </derivedFrom>
        <derivedFrom>
          <reference value="Observation/CoreNeedleBiopsyLymphovaskulaereInvasion02"/>
        </derivedFrom>
        <derivedFrom>
          <reference value="Observation/CoreNeedleBiopsyTumornachweisInFettgewebe02"/>
        </derivedFrom>
        <derivedFrom>
          <reference value="Observation/CoreNeedleBiopsyIntraduktalesKarzinom02"/>
        </derivedFrom>
        <derivedFrom>
          <reference value="Observation/CoreNeedleBiopsyASAP02"/>
        </derivedFrom>
        <derivedFrom>
          <reference value="Observation/CoreNeedleBiopsyHighGradePIN02"/>
        </derivedFrom>
        <derivedFrom>
          <reference value="Observation/CoreNeedleBiopsyGranulomatoeseProstatitis02"/>
        </derivedFrom>
        <derivedFrom>
          <reference value="Observation/CoreNeedleBiopsyHistoTyp03"/>
        </derivedFrom>
        <derivedFrom>
          <reference value="Observation/CoreNeedleBiopsyMorphText03"/>
        </derivedFrom>
        <derivedFrom>
          <reference value="Observation/CoreNeedleBiopsyHistoTyp04"/>
        </derivedFrom>
        <derivedFrom>
          <reference value="Observation/CoreNeedleBiopsyMorphText04"/>
        </derivedFrom>
        <derivedFrom>
          <reference value="Observation/CoreNeedleBiopsyPrimaerGleason04"/>
        </derivedFrom>
        <derivedFrom>
          <reference value="Observation/CoreNeedleBiopsySekundaerGleason04"/>
        </derivedFrom>
        <derivedFrom>
          <reference value="Observation/CoreNeedleBiopsyProzentGleason04"/>
        </derivedFrom>
        <derivedFrom>
          <reference value="Observation/CoreNeedleBiopsyGleasonGrading04"/>
        </derivedFrom>
        <derivedFrom>
          <reference value="Observation/CoreNeedleBiopsyVerhaeltnisPositiverStanzen04"/>
        </derivedFrom>
        <derivedFrom>
          <reference value="Observation/CoreNeedleBiopsyTumoranteil04"/>
        </derivedFrom>
        <derivedFrom>
          <reference value="Observation/CoreNeedleBiopsyTumorbefallinLaenge04"/>
        </derivedFrom>
        <derivedFrom>
          <reference value="Observation/CoreNeedleBiopsyPerineuraleInfiltration04"/>
        </derivedFrom>
        <derivedFrom>
          <reference value="Observation/CoreNeedleBiopsyTumornachweisinSamenblase04"/>
        </derivedFrom>
        <derivedFrom>
          <reference value="Observation/CoreNeedleBiopsyLymphovaskulaereInvasion04"/>
        </derivedFrom>
        <derivedFrom>
          <reference value="Observation/CoreNeedleBiopsyTumornachweisInFettgewebe04"/>
        </derivedFrom>
        <derivedFrom>
          <reference value="Observation/CoreNeedleBiopsyIntraduktalesKarzinom04"/>
        </derivedFrom>
        <derivedFrom>
          <reference value="Observation/CoreNeedleBiopsyASAP04"/>
        </derivedFrom>
        <derivedFrom>
          <reference value="Observation/CoreNeedleBiopsyHighGradePIN04"/>
        </derivedFrom>
        <derivedFrom>
          <reference value="Observation/CoreNeedleBiopsyGranulomatoeseProstatitis04"/>
        </derivedFrom>
        <derivedFrom>
          <reference value="Observation/CoreNeedleBiopsyHistoTyp05"/>
        </derivedFrom>
        <derivedFrom>
          <reference value="Observation/CoreNeedleBiopsyMorphText05"/>
        </derivedFrom>
        <derivedFrom>
          <reference value="Observation/CoreNeedleBiopsyHistoTyp06"/>
        </derivedFrom>
        <derivedFrom>
          <reference value="Observation/CoreNeedleBiopsyMorphText06"/>
        </derivedFrom>
        <derivedFrom>
          <reference value="Observation/CoreNeedleBiopsyPrimaerGleason06"/>
        </derivedFrom>
        <derivedFrom>
          <reference value="Observation/CoreNeedleBiopsySekundaerGleason06"/>
        </derivedFrom>
        <derivedFrom>
          <reference value="Observation/CoreNeedleBiopsyProzentGleason06"/>
        </derivedFrom>
        <derivedFrom>
          <reference value="Observation/CoreNeedleBiopsyGleasonGrading06"/>
        </derivedFrom>
        <derivedFrom>
          <reference value="Observation/CoreNeedleBiopsyVerhaeltnisPositiverStanzen06"/>
        </derivedFrom>
        <derivedFrom>
          <reference value="Observation/CoreNeedleBiopsyTumoranteil06"/>
        </derivedFrom>
        <derivedFrom>
          <reference value="Observation/CoreNeedleBiopsyTumorbefallinLaenge06"/>
        </derivedFrom>
        <derivedFrom>
          <reference value="Observation/CoreNeedleBiopsyPerineuraleInfiltration06"/>
        </derivedFrom>
        <derivedFrom>
          <reference value="Observation/CoreNeedleBiopsyTumornachweisinSamenblase06"/>
        </derivedFrom>
        <derivedFrom>
          <reference value="Observation/CoreNeedleBiopsyLymphovaskulaereInvasion06"/>
        </derivedFrom>
        <derivedFrom>
          <reference value="Observation/CoreNeedleBiopsyTumornachweisInFettgewebe06"/>
        </derivedFrom>
        <derivedFrom>
          <reference value="Observation/CoreNeedleBiopsyIntraduktalesKarzinom06"/>
        </derivedFrom>
        <derivedFrom>
          <reference value="Observation/CoreNeedleBiopsyASAP06"/>
        </derivedFrom>
        <derivedFrom>
          <reference value="Observation/CoreNeedleBiopsyHighGradePIN06"/>
        </derivedFrom>
        <derivedFrom>
          <reference value="Observation/CoreNeedleBiopsyGranulomatoeseProstatitis06"/>
        </derivedFrom>
        <derivedFrom>
          <reference value="Observation/CoreNeedleBiopsyHistoTyp07"/>
        </derivedFrom>
        <derivedFrom>
          <reference value="Observation/CoreNeedleBiopsyMorphText07"/>
        </derivedFrom>
        <derivedFrom>
          <reference value="Observation/CoreNeedleBiopsyPrimaerGleason07"/>
        </derivedFrom>
        <derivedFrom>
          <reference value="Observation/CoreNeedleBiopsySekundaerGleason07"/>
        </derivedFrom>
        <derivedFrom>
          <reference value="Observation/CoreNeedleBiopsyProzentGleason07"/>
        </derivedFrom>
        <derivedFrom>
          <reference value="Observation/CoreNeedleBiopsyGleasonGrading07"/>
        </derivedFrom>
        <derivedFrom>
          <reference value="Observation/CoreNeedleBiopsyVerhaeltnisPositiverStanzen07"/>
        </derivedFrom>
        <derivedFrom>
          <reference value="Observation/CoreNeedleBiopsyTumoranteil07"/>
        </derivedFrom>
        <derivedFrom>
          <reference value="Observation/CoreNeedleBiopsyTumorbefallinLaenge07"/>
        </derivedFrom>
        <derivedFrom>
          <reference value="Observation/CoreNeedleBiopsyPerineuraleInfiltration07"/>
        </derivedFrom>
        <derivedFrom>
          <reference value="Observation/CoreNeedleBiopsyTumornachweisinSamenblase07"/>
        </derivedFrom>
        <derivedFrom>
          <reference value="Observation/CoreNeedleBiopsyLymphovaskulaereInvasion07"/>
        </derivedFrom>
        <derivedFrom>
          <reference value="Observation/CoreNeedleBiopsyTumornachweisInFettgewebe07"/>
        </derivedFrom>
        <derivedFrom>
          <reference value="Observation/CoreNeedleBiopsyIntraduktalesKarzinom07"/>
        </derivedFrom>
        <derivedFrom>
          <reference value="Observation/CoreNeedleBiopsyASAP07"/>
        </derivedFrom>
        <derivedFrom>
          <reference value="Observation/CoreNeedleBiopsyHighGradePIN07"/>
        </derivedFrom>
        <derivedFrom>
          <reference value="Observation/CoreNeedleBiopsyGranulomatoeseProstatitis07"/>
        </derivedFrom>
        <derivedFrom>
          <reference value="Observation/CoreNeedleBiopsyHistoTyp08"/>
        </derivedFrom>
        <derivedFrom>
          <reference value="Observation/CoreNeedleBiopsyMorphText08"/>
        </derivedFrom>
        <derivedFrom>
          <reference value="Observation/CoreNeedleBiopsyHistoTyp09"/>
        </derivedFrom>
        <derivedFrom>
          <reference value="Observation/CoreNeedleBiopsyMorphText09"/>
        </derivedFrom>
        <derivedFrom>
          <reference value="Observation/CoreNeedleBiopsyPrimaerGleason09"/>
        </derivedFrom>
        <derivedFrom>
          <reference value="Observation/CoreNeedleBiopsySekundaerGleason09"/>
        </derivedFrom>
        <derivedFrom>
          <reference value="Observation/CoreNeedleBiopsyProzentGleason09"/>
        </derivedFrom>
        <derivedFrom>
          <reference value="Observation/CoreNeedleBiopsyGleasonGrading09"/>
        </derivedFrom>
        <derivedFrom>
          <reference value="Observation/CoreNeedleBiopsyVerhaeltnisPositiverStanzen09"/>
        </derivedFrom>
        <derivedFrom>
          <reference value="Observation/CoreNeedleBiopsyTumoranteil09"/>
        </derivedFrom>
        <derivedFrom>
          <reference value="Observation/CoreNeedleBiopsyTumorbefallinLaenge09"/>
        </derivedFrom>
        <derivedFrom>
          <reference value="Observation/CoreNeedleBiopsyPerineuraleInfiltration09"/>
        </derivedFrom>
        <derivedFrom>
          <reference value="Observation/CoreNeedleBiopsyTumornachweisinSamenblase09"/>
        </derivedFrom>
        <derivedFrom>
          <reference value="Observation/CoreNeedleBiopsyLymphovaskulaereInvasion09"/>
        </derivedFrom>
        <derivedFrom>
          <reference value="Observation/CoreNeedleBiopsyTumornachweisInFettgewebe09"/>
        </derivedFrom>
        <derivedFrom>
          <reference value="Observation/CoreNeedleBiopsyIntraduktalesKarzinom09"/>
        </derivedFrom>
        <derivedFrom>
          <reference value="Observation/CoreNeedleBiopsyASAP09"/>
        </derivedFrom>
        <derivedFrom>
          <reference value="Observation/CoreNeedleBiopsyHighGradePIN09"/>
        </derivedFrom>
        <derivedFrom>
          <reference value="Observation/CoreNeedleBiopsyGranulomatoeseProstatitis09"/>
        </derivedFrom>
        <derivedFrom>
          <reference value="Observation/CoreNeedleBiopsyHistoTyp10"/>
        </derivedFrom>
        <derivedFrom>
          <reference value="Observation/CoreNeedleBiopsyMorphText10"/>
        </derivedFrom>
        <derivedFrom>
          <reference value="Observation/CoreNeedleBiopsyHistoTyp11"/>
        </derivedFrom>
        <derivedFrom>
          <reference value="Observation/CoreNeedleBiopsyMorphText11"/>
        </derivedFrom>
        <derivedFrom>
          <reference value="Observation/CoreNeedleBiopsyPrimaerGleason11"/>
        </derivedFrom>
        <derivedFrom>
          <reference value="Observation/CoreNeedleBiopsySekundaerGleason11"/>
        </derivedFrom>
        <derivedFrom>
          <reference value="Observation/CoreNeedleBiopsyProzentGleason11"/>
        </derivedFrom>
        <derivedFrom>
          <reference value="Observation/CoreNeedleBiopsyGleasonGrading11"/>
        </derivedFrom>
        <derivedFrom>
          <reference value="Observation/CoreNeedleBiopsyVerhaeltnisPositiverStanzen11"/>
        </derivedFrom>
        <derivedFrom>
          <reference value="Observation/CoreNeedleBiopsyTumoranteil11"/>
        </derivedFrom>
        <derivedFrom>
          <reference value="Observation/CoreNeedleBiopsyTumorbefallinLaenge11"/>
        </derivedFrom>
        <derivedFrom>
          <reference value="Observation/CoreNeedleBiopsyPerineuraleInfiltration11"/>
        </derivedFrom>
        <derivedFrom>
          <reference value="Observation/CoreNeedleBiopsyTumornachweisinSamenblase11"/>
        </derivedFrom>
        <derivedFrom>
          <reference value="Observation/CoreNeedleBiopsyLymphovaskulaereInvasion11"/>
        </derivedFrom>
        <derivedFrom>
          <reference value="Observation/CoreNeedleBiopsyTumornachweisInFettgewebe11"/>
        </derivedFrom>
        <derivedFrom>
          <reference value="Observation/CoreNeedleBiopsyIntraduktalesKarzinom11"/>
        </derivedFrom>
        <derivedFrom>
          <reference value="Observation/CoreNeedleBiopsyASAP11"/>
        </derivedFrom>
        <derivedFrom>
          <reference value="Observation/CoreNeedleBiopsyHighGradePIN11"/>
        </derivedFrom>
        <derivedFrom>
          <reference value="Observation/CoreNeedleBiopsyGranulomatoeseProstatitis11"/>
        </derivedFrom>
        <derivedFrom>
          <reference value="Observation/CoreNeedleBiopsyHistoTyp12"/>
        </derivedFrom>
        <derivedFrom>
          <reference value="Observation/CoreNeedleBiopsyMorphText12"/>
        </derivedFrom>
      </Observation>
    </resource>
  </entry>
</Bundle>