<?xml version="1.0" encoding="UTF-8"?>

<Bundle xmlns="http://hl7.org/fhir">
  <id value="RadicalProstatectomyDocument"/>
  <type value="document"/>
  <timestamp value="2024-03-21T08:00:00+01:00"/>
  <entry>
    <fullUrl value="http://prostatecancerspec.org/Composition/RadicalProstatectomyComposition"/>
    <resource>
      <Composition>
        <id value="RadicalProstatectomyComposition"/>
        <text>
          <status value="generated"/><div xmlns="http://www.w3.org/1999/xhtml"><a name="Composition_RadicalProstatectomyComposition"> </a><p class="res-header-id"><b>Generated Narrative: Composition RadicalProstatectomyComposition</b></p><a name="RadicalProstatectomyComposition"> </a><a name="hcRadicalProstatectomyComposition"> </a><p><b>identifier</b>: Accession ID/PATH-COMP-2024-002</p><p><b>status</b>: Final</p><p><b>type</b>: <span title="Codes:{http://ihe-d.de/CodeSystems/IHEXDStypeCode PATH}, {http://snomed.info/sct 721967005}">Tissue pathology biopsy report</span></p><p><b>encounter</b>: <a href="Encounter-RadicalProstatectomyEncounter.html">Encounter: identifier = http://example.hospital.de/encounters#E_24_002; status = finished; class = IMP (IMP)</a></p><p><b>date</b>: 2024-03-21 08:00:00+0100</p><p><b>author</b>: <a href="Organization-PathologyLabOrganization.html">Pathologisches Institut</a></p><p><b>title</b>: Histopathologischer Befundbericht - Prostatektomie</p><h3>Attesters</h3><table class="grid"><tr><td style="display: none">-</td><td><b>Mode</b></td><td><b>Party</b></td></tr><tr><td style="display: none">*</td><td>Legal</td><td><a href="Organization-PathologyLabOrganization.html">Organization Pathologielabor</a></td></tr></table><p><b>custodian</b>: <a href="Organization-PathologyLabOrganization.html">Organization Pathologielabor</a></p><h3>Events</h3><table class="grid"><tr><td style="display: none">-</td><td><b>Code</b></td><td><b>Detail</b></td></tr><tr><td style="display: none">*</td><td><span title="Codes:{http://terminology.hl7.org/CodeSystem/v3-ActCode PATREPE}">pathology report entry task</span></td><td><a href="ServiceRequest-RadicalProstatectomyReportRequest.html">ServiceRequest Pathology synoptic report</a></td></tr></table></div>
        </text>
        <identifier>
          <type>
            <coding>
              <system value="http://terminology.hl7.org/CodeSystem/v2-0203"/>
              <code value="ACSN"/>
              <display value="Accession ID"/>
            </coding>
          </type>
          <system value="http://example.hospital.de/pathology-reports"/>
          <value value="PATH-COMP-2024-002"/>
        </identifier>
        <status value="final"/>
        <type>
          <coding>
            <system value="http://ihe-d.de/CodeSystems/IHEXDStypeCode"/>
            <code value="PATH"/>
          </coding>
          <coding>
            <system value="http://snomed.info/sct"/>
            <code value="721967005"/>
            <display value="Tissue pathology biopsy report"/>
          </coding>
        </type>
        <subject>
          <reference value="Patient/Patient1"/>
          <display value="Hans Mueller, geb. 15.08.1955 (PAT-2024-001)"/>
        </subject>
        <encounter>
          <reference value="Encounter/RadicalProstatectomyEncounter"/>
        </encounter>
        <date value="2024-03-21T08:00:00+01:00"/>
        <author>
          <reference value="Organization/PathologyLabOrganization"/>
          <display value="Pathologisches Institut"/>
        </author>
        <title value="Histopathologischer Befundbericht - Prostatektomie"/>
        <attester>
          <mode value="legal"/>
          <party>
            <reference value="Organization/PathologyLabOrganization"/>
          </party>
        </attester>
        <custodian>
          <reference value="Organization/PathologyLabOrganization"/>
        </custodian>
        <event>
          <code>
            <coding>
              <system value="http://terminology.hl7.org/CodeSystem/v3-ActCode"/>
              <code value="PATREPE"/>
            </coding>
          </code>
          <detail>
            <reference value="ServiceRequest/RadicalProstatectomyReportRequest"/>
          </detail>
        </event>
        <section>
          <title value="Pathologiebefundbericht"/>
          <code>
            <coding>
              <system value="http://loinc.org"/>
              <code value="11526-1"/>
              <display value="Pathology study"/>
            </coding>
          </code>
          <text>
            <status value="additional"/><div xmlns="http://www.w3.org/1999/xhtml"><h3>Klinische Angaben</h3><p>Z.n. Prostata-Stanzbiopsie mit Nachweis eines Prostatakarzinoms (höchster Gleason 4+5=9, ISUP-Gradgruppe 5). Radikale Prostatektomie mit pelviner Lymphadenektomie.</p><h3>Makroskopie</h3><table border="1" cellpadding="4" cellspacing="0"><tbody><tr><td>Präparat</td><td>Radikale Prostatektomie mit Samenblasen und pelvinen Lymphknoten</td></tr><tr><td>Prostatagewicht</td><td>55 g</td></tr><tr><td>Maße (B × H × T)</td><td>4,5 × 4,0 × 3,5 cm</td></tr><tr><td>Samenblasen</td><td>Vorhanden, beidseits 2,5 cm</td></tr><tr><td>Lymphknoten</td><td>Bilateral vorhanden</td></tr></tbody></table><h3>Mikroskopie</h3><p>Konventionelles Adenokarzinom der Prostata mit gemischten Gleason-Mustern. Tumor bilateral nachweisbar.</p><h3>Diagnostische Schlussfolgerung</h3><p><b>Diagnose:</b> Azinäres Adenokarzinom der Prostata (ICD-O 8140/3)</p><table border="1" cellpadding="4" cellspacing="0"><tbody><tr><td>Histologischer Typ</td><td>Azinäres Adenokarzinom (8140/3)</td></tr><tr><td>Gleason-Score</td><td>3+4=7</td></tr><tr><td>ISUP-Gradgruppe</td><td>2 (WHO 2016)</td></tr><tr><td>Maximaler Tumordurchmesser</td><td>18 mm</td></tr><tr><td>Tumoranteil</td><td>25%</td></tr><tr><td>Anteil Gleason 4/5</td><td>30%</td></tr><tr><td>Intraduktales Karzinom</td><td>Nicht nachgewiesen</td></tr><tr><td>Invasives kribriformes Karzinom</td><td>Nicht nachgewiesen</td></tr><tr><td>Extraprostatische Ausbreitung</td><td>Nicht nachgewiesen</td></tr><tr><td>Samenblaseninfiltration</td><td>Nicht nachgewiesen</td></tr><tr><td>Lymphovaskuläre Invasion</td><td>Nicht nachgewiesen</td></tr><tr><td>Perineurale Infiltration</td><td>Nicht nachgewiesen</td></tr><tr><td>Blasenhalsinvasion</td><td>Nicht nachgewiesen</td></tr><tr><td>Absetzungsränder</td><td>Tumorfrei (R0)</td></tr><tr><td>Lymphknoten untersucht</td><td>12</td></tr><tr><td>Lymphknoten positiv</td><td>0</td></tr><tr><td>pT-Stadium</td><td>pT2</td></tr><tr><td>pN-Stadium</td><td>pN0</td></tr></tbody></table></div>
          </text>
          <entry>
            <reference value="DiagnosticReport/RadicalProstatectomyReport"/>
          </entry>
        </section>
      </Composition>
    </resource>
  </entry>
  <entry>
    <fullUrl value="http://prostatecancerspec.org/Patient/Patient1"/>
    <resource>
      <Patient>
        <id value="Patient1"/>
        <text>
          <status value="generated"/><div xmlns="http://www.w3.org/1999/xhtml"><a name="Patient_Patient1"> </a><p class="res-header-id"><b>Generated Narrative: Patient Patient1</b></p><a name="Patient1"> </a><a name="hcPatient1"> </a><p style="border: 1px #661aff solid; background-color: #e6e6ff; padding: 10px;">Hans Mueller  Male, DoB: 1955-08-15 ( http://example.hospital.de/patient-ids#PAT-2024-001)</p><hr/></div>
        </text>
        <identifier>
          <system value="http://example.hospital.de/patient-ids"/>
          <value value="PAT-2024-001"/>
        </identifier>
        <name>
          <family value="Mueller"/>
          <given value="Hans"/>
        </name>
        <gender value="male"/>
        <birthDate value="1955-08-15"/>
      </Patient>
    </resource>
  </entry>
  <entry>
    <fullUrl value="http://prostatecancerspec.org/Organization/PathologyLabOrganization"/>
    <resource>
      <Organization>
        <id value="PathologyLabOrganization"/>
        <text>
          <status value="generated"/><div xmlns="http://www.w3.org/1999/xhtml"><a name="Organization_PathologyLabOrganization"> </a><p class="res-header-id"><b>Generated Narrative: Organization PathologyLabOrganization</b></p><a name="PathologyLabOrganization"> </a><a name="hcPathologyLabOrganization"> </a><p><b>identifier</b>: <code>http://example.hospital.de/organization-ids</code>/ORG-PATH-001</p><p><b>name</b>: Pathologielabor</p></div>
        </text>
        <identifier>
          <system value="http://example.hospital.de/organization-ids"/>
          <value value="ORG-PATH-001"/>
        </identifier>
        <name value="Pathologielabor"/>
      </Organization>
    </resource>
  </entry>
  <entry>
    <fullUrl value="http://prostatecancerspec.org/DiagnosticReport/RadicalProstatectomyReport"/>
    <resource>
      <DiagnosticReport>
        <id value="RadicalProstatectomyReport"/>
        <meta>
          <profile value="https://www.medizininformatik-initiative.de/fhir/ext/modul-patho/StructureDefinition/mii-pr-patho-report|2026.0.0"/>
        </meta>
        <text>
          <status value="generated"/><div xmlns="http://www.w3.org/1999/xhtml"><a name="DiagnosticReport_RadicalProstatectomyReport"> </a><p class="res-header-id"><b>Generated Narrative: DiagnosticReport RadicalProstatectomyReport</b></p><a name="RadicalProstatectomyReport"> </a><a name="hcRadicalProstatectomyReport"> </a><div style="display: inline-block; background-color: #d9e0e7; padding: 6px; margin: 4px; border: 1px solid #8da1b4; border-radius: 5px; line-height: 60%"><p style="margin-bottom: 0px"/><p style="margin-bottom: 0px">Profile: <a href="https://simplifier.net/resolve?scope=de.medizininformatikinitiative.kerndatensatz.patho@2026.0.0&amp;canonical=https://www.medizininformatik-initiative.de/fhir/ext/modul-patho/StructureDefinition/mii-pr-patho-report">MII PR Patho Reportversion: null2026.0.0)</a></p></div><h2><span title="Codes:{http://loinc.org 60568-3}">Pathology Synoptic report</span> (<span title="Codes:{http://terminology.hl7.org/CodeSystem/v2-0074 SP}">Surgical Pathology</span>) </h2><table class="grid"><tr><td>Subject</td><td>Hans Mueller  Male, DoB: 1955-08-15 ( http://example.hospital.de/patient-ids#PAT-2024-001)</td></tr><tr><td>When For</td><td>2024-03-20 17:00:00+0100</td></tr><tr><td>Reported</td><td>2024-03-21 08:00:00+0100</td></tr><tr><td>Performer</td><td> <a href="Practitioner-PathologistPractitioner.html">Practitioner Maria Schneider </a></td></tr><tr><td>Identifier</td><td> Accession ID/E_24_002</td></tr></table><p><b>Report Details</b></p><table class="grid"><tr><td><b>Code</b></td><td><b>Value</b></td><td><b>Flags</b></td><td><b>Note</b></td><td><b>When For</b></td></tr><tr><td><a href="Observation-RadicalProstatectomyMacroscopicGrouper.html"><span title="Codes:{http://loinc.org 22634-0}">Pathology report gross observation Narrative</span></a> (<span title="Codes:{http://snomed.info/sct 41216001}">Prostatic structure (body structure)</span>)</td><td>Makroskopische Messungen des Prostatektomiepräparats</td><td>Final</td><td><blockquote><div><p>Makroskopische Aufarbeitung des Prostatektomiepräparats: Prostata 55g, Breite 4.5cm, Höhe 4.0cm, Tiefe 3.5cm, Lymphknoten bilateral vorhanden, Samenbläschen im Resektat vorhanden, Samenbläschen beidseits 2.5cm</p>
</div></blockquote></td><td>2024-03-16 14:00:00+0100</td></tr><tr><td><a href="Observation-RadicalProstatectomyDiagnosticConclusionGrouper.html"><span title="Codes:{http://loinc.org 22637-3}">Pathology report final diagnosis Narrative</span></a></td><td/><td>Final</td><td><blockquote><div><p>Zusammenfassung: Azinäres Adenokarzinom der Prostata (ICD-O 8140/3). Gleason-Score 3+4=7, ISUP-Gradgruppe 2 (WHO 2016). Maximaler Tumordurchmesser 18 mm, 25% des Prostatagewebes tumorbefallen. Prozentualer Anteil Gleasonmuster 4 und 5: 30%. Kein intraduktales Karzinom, kein invasives kribriformes Karzinom. Keine extraprostatische Ausbreitung, keine Samenblaseninfiltration, keine lymphovaskuläre Invasion, keine perineurale Infiltration, keine Blasenhalsinvasion. Absetzungsränder tumorfrei (R0). 12 Lymphknoten untersucht, 0 positiv. Staging: pT2 pN0.</p>
</div></blockquote>By Practitioner/PathologistPractitioner @2024-03-20</td><td>2024-03-20</td></tr></table><p>Adenokarzinom der Prostata, Gleason Score 3+4=7, pT2 pN0 (0/12) R0. Maximaler Tumordurchmesser 18 mm (ca. 25% der Prostata). Keine extrakapsuläre Extension, keine Samenblaseninvasion, alle Resektionsränder tumorfrei.</p></div>
        </text>
        <identifier>
          <type>
            <coding>
              <system value="http://terminology.hl7.org/CodeSystem/v2-0203"/>
              <code value="ACSN"/>
              <display value="Accession ID"/>
            </coding>
          </type>
          <system value="https://pathologie.example-hospital.de/fhir/fn/befundbericht"/>
          <value value="E_24_002"/>
        </identifier>
        <basedOn>
          <reference value="ServiceRequest/RadicalProstatectomyReportRequest"/>
        </basedOn>
        <status value="final"/>
        <category>
          <coding>
            <system value="http://terminology.hl7.org/CodeSystem/v2-0074"/>
            <code value="SP"/>
            <display value="Surgical Pathology"/>
          </coding>
        </category>
        <code>
          <coding>
            <system value="http://loinc.org"/>
            <code value="60568-3"/>
            <display value="Pathology Synoptic report"/>
          </coding>
        </code>
        <subject>
          <reference value="Patient/Patient1"/>
        </subject>
        <effectiveDateTime value="2024-03-20T17:00:00+01:00"/>
        <issued value="2024-03-21T08:00:00+01:00"/>
        <performer>
          <reference value="Practitioner/PathologistPractitioner"/>
        </performer>
        <specimen>
          <reference value="Specimen/RadicalProstatectomySpecimenPart"/>
        </specimen>
        <specimen>
          <reference value="Specimen/RadicalProstatectomySpecimenBlock01"/>
        </specimen>
        <specimen>
          <reference value="Specimen/RadicalProstatectomySpecimenSlide01A"/>
        </specimen>
        <specimen>
          <reference value="Specimen/RadicalProstatectomySpecimenSlide01B"/>
        </specimen>
        <specimen>
          <reference value="Specimen/RadicalProstatectomySpecimenBlock02"/>
        </specimen>
        <specimen>
          <reference value="Specimen/RadicalProstatectomySpecimenSlide02A"/>
        </specimen>
        <specimen>
          <reference value="Specimen/RadicalProstatectomySpecimenSlide02B"/>
        </specimen>
        <specimen>
          <reference value="Specimen/RadicalProstatectomySpecimenBlock03"/>
        </specimen>
        <specimen>
          <reference value="Specimen/RadicalProstatectomySpecimenSlide03A"/>
        </specimen>
        <specimen>
          <reference value="Specimen/RadicalProstatectomySpecimenSlide03B"/>
        </specimen>
        <specimen>
          <reference value="Specimen/RadicalProstatectomySpecimenLymphNodeRight"/>
        </specimen>
        <specimen>
          <reference value="Specimen/RadicalProstatectomySpecimenLymphNodeRightBlock"/>
        </specimen>
        <specimen>
          <reference value="Specimen/RadicalProstatectomySpecimenLymphNodeRightSlide01"/>
        </specimen>
        <specimen>
          <reference value="Specimen/RadicalProstatectomySpecimenLymphNodeRightSlide02"/>
        </specimen>
        <specimen>
          <reference value="Specimen/RadicalProstatectomySpecimenLymphNodeLeft"/>
        </specimen>
        <specimen>
          <reference value="Specimen/RadicalProstatectomySpecimenLymphNodeLeftBlock"/>
        </specimen>
        <specimen>
          <reference value="Specimen/RadicalProstatectomySpecimenLymphNodeLeftSlide01"/>
        </specimen>
        <specimen>
          <reference value="Specimen/RadicalProstatectomySpecimenLymphNodeLeftSlide02"/>
        </specimen>
        <result>
          <reference value="Observation/RadicalProstatectomyMacroscopicGrouper"/>
        </result>
        <result>
          <reference value="Observation/RadicalProstatectomyDiagnosticConclusionGrouper"/>
        </result>
        <conclusion value="Adenokarzinom der Prostata, Gleason Score 3+4=7, pT2 pN0 (0/12) R0. Maximaler Tumordurchmesser 18 mm (ca. 25% der Prostata). Keine extrakapsuläre Extension, keine Samenblaseninvasion, alle Resektionsränder tumorfrei."/>
      </DiagnosticReport>
    </resource>
  </entry>
  <entry>
    <fullUrl value="http://prostatecancerspec.org/Observation/RadicalProstatectomyDiagnosticConclusionGrouper"/>
    <resource>
      <Observation>
        <id value="RadicalProstatectomyDiagnosticConclusionGrouper"/>
        <meta>
          <profile value="https://www.medizininformatik-initiative.de/fhir/ext/modul-patho/StructureDefinition/mii-pr-patho-diagnostic-conclusion-grouper|2026.0.0"/>
        </meta>
        <text>
          <status value="generated"/><div xmlns="http://www.w3.org/1999/xhtml"><a name="Observation_RadicalProstatectomyDiagnosticConclusionGrouper"> </a><p class="res-header-id"><b>Generated Narrative: Observation RadicalProstatectomyDiagnosticConclusionGrouper</b></p><a name="RadicalProstatectomyDiagnosticConclusionGrouper"> </a><a name="hcRadicalProstatectomyDiagnosticConclusionGrouper"> </a><div style="display: inline-block; background-color: #d9e0e7; padding: 6px; margin: 4px; border: 1px solid #8da1b4; border-radius: 5px; line-height: 60%"><p style="margin-bottom: 0px"/><p style="margin-bottom: 0px">Profile: <a href="https://simplifier.net/resolve?scope=de.medizininformatikinitiative.kerndatensatz.patho@2026.0.0&amp;canonical=https://www.medizininformatik-initiative.de/fhir/ext/modul-patho/StructureDefinition/mii-pr-patho-diagnostic-conclusion-grouper">MII PR Patho Diagnostic Conclusion Grouperversion: null2026.0.0)</a></p></div><p><b>basedOn</b>: <a href="ServiceRequest-RadicalProstatectomyReportRequest.html">ServiceRequest Pathology synoptic report</a></p><p><b>status</b>: Final</p><p><b>category</b>: <span title="Codes:{http://terminology.hl7.org/CodeSystem/observation-category laboratory}">Laboratory</span></p><p><b>code</b>: <span title="Codes:{http://loinc.org 22637-3}">Pathology report final diagnosis Narrative</span></p><p><b>subject</b>: <a href="Patient-Patient1.html">Hans Mueller  Male, DoB: 1955-08-15 ( http://example.hospital.de/patient-ids#PAT-2024-001)</a></p><p><b>effective</b>: 2024-03-20</p><p><b>performer</b>: <a href="Practitioner-PathologistPractitioner.html">Practitioner Maria Schneider </a></p><p><b>note</b>: By Practitioner/PathologistPractitioner @2024-03-20</p><blockquote><div><p>Zusammenfassung: Azinäres Adenokarzinom der Prostata (ICD-O 8140/3). Gleason-Score 3+4=7, ISUP-Gradgruppe 2 (WHO 2016). Maximaler Tumordurchmesser 18 mm, 25% des Prostatagewebes tumorbefallen. Prozentualer Anteil Gleasonmuster 4 und 5: 30%. Kein intraduktales Karzinom, kein invasives kribriformes Karzinom. Keine extraprostatische Ausbreitung, keine Samenblaseninfiltration, keine lymphovaskuläre Invasion, keine perineurale Infiltration, keine Blasenhalsinvasion. Absetzungsränder tumorfrei (R0). 12 Lymphknoten untersucht, 0 positiv. Staging: pT2 pN0.</p>
</div></blockquote><p><b>hasMember</b>: </p><ul><li><a href="Observation-RadicalProstatectomyHistologicalTypeICDO3.html">Observation Histology and Behavior ICD-O-3 Cancer</a></li><li><a href="Observation-RadicalProstatectomyMorphologyFreeText.html">Observation Histology type in Cancer specimen Narrative</a></li><li><a href="Observation-RadicalProstatectomyICDOVersion.html">Observation World Health Organization tumor classification (observable entity)</a></li><li><a href="Observation-RadicalProstatectomyPrimaryGleasonPattern.html">Observation Gleason pattern.primary in Prostate tumor</a></li><li><a href="Observation-RadicalProstatectomySecondaryGleasonPattern.html">Observation Gleason pattern.secondary in Prostate tumor</a></li><li><a href="Observation-RadicalProstatectomyGleasonScoreTotal.html">Observation Gleason score in Specimen Qualitative</a></li><li><a href="Observation-RadicalProstatectomyPercentageGleason45.html">Observation Prostate tumor area with Gleason pattern 4+5/Total tumor area</a></li><li><a href="Observation-RadicalProstatectomyGradingGroupISUP.html">Observation Prostate cancer grade group [Score] in Prostate tumor Qualitative</a></li><li><a href="Observation-RadicalProstatectomyIntraductalCarcinoma.html">Observation Non-infiltrating intraductal carcinoma (morphologic abnormality)</a></li><li><a href="Observation-RadicalProstatectomyInvasiveCribriformCarcinoma.html">Observation Invasive cribriform carcinoma (morphologic abnormality)</a></li><li><a href="Observation-RadicalProstatectomyMaxTumorDiameter.html">Observation Size.maximum dimension of tumor in Prostate</a></li><li><a href="Observation-RadicalProstatectomyProstaticTissueInvolved.html">Observation Tissue involvement by tumor as percentage of total tissue examined</a></li><li><a href="Observation-RadicalProstatectomyExtraprostaticExtension.html">Observation Periprostatic fat invasion [Identifier] in Specimen by CAP cancer protocols</a></li><li><a href="Observation-RadicalProstatectomySeminalVesicleInvasion.html">Observation Seminal vesicle invasion [Identifier] in Specimen by CAP cancer protocols</a></li><li><a href="Observation-RadicalProstatectomyLymphovascularInvasion.html">Observation Venous + Lymphatic small vessel invasion in Specimen by CAP cancer protocols</a></li><li><a href="Observation-RadicalProstatectomyPerineuralInfiltration.html">Observation Perineural invasion [Presence] in Cancer specimen</a></li><li><a href="Observation-RadicalProstatectomyBladderNeckInvasion.html">Observation Bladder neck involvement of Prostate tumor</a></li><li><a href="Observation-RadicalProstatectomyMarginStatus.html">Observation Surgical margin involvement by tumor [Identifier] in Prostate Qualitative</a></li><li><a href="Observation-RadicalProstatectomyLymphNodesExamined.html">Observation Regional lymph nodes examined [#] in Cancer specimen</a></li><li><a href="Observation-RadicalProstatectomyLymphNodesPositive.html">Observation Regional lymph nodes positive [#] in Cancer specimen by Light microscopy</a></li><li><a href="Observation-RadicalProstatectomyTNMpT.html">Observation Primary tumor.pathology Cancer</a></li><li><a href="Observation-RadicalProstatectomyTNMpN.html">Observation Regional lymph nodes.pathology [Class] Cancer</a></li></ul><p><b>derivedFrom</b>: <a href="QuestionnaireResponse-QuestionnaireResponseRadicalProstatectomy.html">Response to Questionnaire 'https://art-decor.org/fhir/Questionnaire/2.16.840.1.113883.3.1937.777.18.27.19--20250115134435' about '-&gt;Hans Mueller  Male, DoB: 1955-08-15 ( http://example.hospital.de/patient-ids#PAT-2024-001)'</a></p></div>
        </text>
        <basedOn>
          <reference value="ServiceRequest/RadicalProstatectomyReportRequest"/>
        </basedOn>
        <status value="final"/>
        <category>
          <coding>
            <system value="http://terminology.hl7.org/CodeSystem/observation-category"/>
            <code value="laboratory"/>
          </coding>
        </category>
        <code>
          <coding>
            <system value="http://loinc.org"/>
            <code value="22637-3"/>
          </coding>
        </code>
        <subject>
          <reference value="Patient/Patient1"/>
        </subject>
        <effectiveDateTime value="2024-03-20"/>
        <performer>
          <reference value="Practitioner/PathologistPractitioner"/>
        </performer>
        <note>
          <authorReference>
            <reference value="Practitioner/PathologistPractitioner"/>
          </authorReference>
          <time value="2024-03-20"/>
          <text value="Zusammenfassung: Azinäres Adenokarzinom der Prostata (ICD-O 8140/3). Gleason-Score 3+4=7, ISUP-Gradgruppe 2 (WHO 2016). Maximaler Tumordurchmesser 18 mm, 25% des Prostatagewebes tumorbefallen. Prozentualer Anteil Gleasonmuster 4 und 5: 30%. Kein intraduktales Karzinom, kein invasives kribriformes Karzinom. Keine extraprostatische Ausbreitung, keine Samenblaseninfiltration, keine lymphovaskuläre Invasion, keine perineurale Infiltration, keine Blasenhalsinvasion. Absetzungsränder tumorfrei (R0). 12 Lymphknoten untersucht, 0 positiv. Staging: pT2 pN0."/>
        </note>
        <hasMember>
          <reference value="Observation/RadicalProstatectomyHistologicalTypeICDO3"/>
        </hasMember>
        <hasMember>
          <reference value="Observation/RadicalProstatectomyMorphologyFreeText"/>
        </hasMember>
        <hasMember>
          <reference value="Observation/RadicalProstatectomyICDOVersion"/>
        </hasMember>
        <hasMember>
          <reference value="Observation/RadicalProstatectomyPrimaryGleasonPattern"/>
        </hasMember>
        <hasMember>
          <reference value="Observation/RadicalProstatectomySecondaryGleasonPattern"/>
        </hasMember>
        <hasMember>
          <reference value="Observation/RadicalProstatectomyGleasonScoreTotal"/>
        </hasMember>
        <hasMember>
          <reference value="Observation/RadicalProstatectomyPercentageGleason45"/>
        </hasMember>
        <hasMember>
          <reference value="Observation/RadicalProstatectomyGradingGroupISUP"/>
        </hasMember>
        <hasMember>
          <reference value="Observation/RadicalProstatectomyIntraductalCarcinoma"/>
        </hasMember>
        <hasMember>
          <reference value="Observation/RadicalProstatectomyInvasiveCribriformCarcinoma"/>
        </hasMember>
        <hasMember>
          <reference value="Observation/RadicalProstatectomyMaxTumorDiameter"/>
        </hasMember>
        <hasMember>
          <reference value="Observation/RadicalProstatectomyProstaticTissueInvolved"/>
        </hasMember>
        <hasMember>
          <reference value="Observation/RadicalProstatectomyExtraprostaticExtension"/>
        </hasMember>
        <hasMember>
          <reference value="Observation/RadicalProstatectomySeminalVesicleInvasion"/>
        </hasMember>
        <hasMember>
          <reference value="Observation/RadicalProstatectomyLymphovascularInvasion"/>
        </hasMember>
        <hasMember>
          <reference value="Observation/RadicalProstatectomyPerineuralInfiltration"/>
        </hasMember>
        <hasMember>
          <reference value="Observation/RadicalProstatectomyBladderNeckInvasion"/>
        </hasMember>
        <hasMember>
          <reference value="Observation/RadicalProstatectomyMarginStatus"/>
        </hasMember>
        <hasMember>
          <reference value="Observation/RadicalProstatectomyLymphNodesExamined"/>
        </hasMember>
        <hasMember>
          <reference value="Observation/RadicalProstatectomyLymphNodesPositive"/>
        </hasMember>
        <hasMember>
          <reference value="Observation/RadicalProstatectomyTNMpT"/>
        </hasMember>
        <hasMember>
          <reference value="Observation/RadicalProstatectomyTNMpN"/>
        </hasMember>
        <derivedFrom>
          <reference value="QuestionnaireResponse/QuestionnaireResponseRadicalProstatectomy"/>
        </derivedFrom>
      </Observation>
    </resource>
  </entry>
  <entry>
    <fullUrl value="http://prostatecancerspec.org/Observation/RadicalProstatectomyMacroscopicGrouper"/>
    <resource>
      <Observation>
        <id value="RadicalProstatectomyMacroscopicGrouper"/>
        <meta>
          <profile value="https://www.medizininformatik-initiative.de/fhir/ext/modul-patho/StructureDefinition/mii-pr-patho-macroscopic-grouper|2026.0.0"/>
        </meta>
        <text>
          <status value="generated"/><div xmlns="http://www.w3.org/1999/xhtml"><a name="Observation_RadicalProstatectomyMacroscopicGrouper"> </a><p class="res-header-id"><b>Generated Narrative: Observation RadicalProstatectomyMacroscopicGrouper</b></p><a name="RadicalProstatectomyMacroscopicGrouper"> </a><a name="hcRadicalProstatectomyMacroscopicGrouper"> </a><div style="display: inline-block; background-color: #d9e0e7; padding: 6px; margin: 4px; border: 1px solid #8da1b4; border-radius: 5px; line-height: 60%"><p style="margin-bottom: 0px"/><p style="margin-bottom: 0px">Profile: <a href="https://simplifier.net/resolve?scope=de.medizininformatikinitiative.kerndatensatz.patho@2026.0.0&amp;canonical=https://www.medizininformatik-initiative.de/fhir/ext/modul-patho/StructureDefinition/mii-pr-patho-macroscopic-grouper">MII PR Patho Macroscopic Grouperversion: null2026.0.0)</a></p></div><p><b>status</b>: Final</p><p><b>category</b>: <span title="Codes:{http://terminology.hl7.org/CodeSystem/observation-category laboratory}">Laboratory</span></p><p><b>code</b>: <span title="Codes:{http://loinc.org 22634-0}">Pathology report gross observation Narrative</span></p><p><b>subject</b>: <a href="Patient-Patient1.html">Hans Mueller  Male, DoB: 1955-08-15 ( http://example.hospital.de/patient-ids#PAT-2024-001)</a></p><p><b>effective</b>: 2024-03-16 14:00:00+0100</p><p><b>performer</b>: <a href="Practitioner-PathologistPractitioner.html">Practitioner Maria Schneider </a></p><p><b>value</b>: Makroskopische Messungen des Prostatektomiepräparats</p><p><b>note</b>: </p><blockquote><div><p>Makroskopische Aufarbeitung des Prostatektomiepräparats: Prostata 55g, Breite 4.5cm, Höhe 4.0cm, Tiefe 3.5cm, Lymphknoten bilateral vorhanden, Samenbläschen im Resektat vorhanden, Samenbläschen beidseits 2.5cm</p>
</div></blockquote><p><b>bodySite</b>: <span title="Codes:{http://snomed.info/sct 41216001}">Prostatic structure (body structure)</span></p><p><b>hasMember</b>: </p><ul><li><a href="Observation-RadicalProstatectomyMacroscopicProstateWeight.html">Observation Prostate weight</a></li><li><a href="Observation-RadicalProstatectomyMacroscopicProstateWidth.html">Observation Prostate size</a></li><li><a href="Observation-RadicalProstatectomyMacroscopicProstateHeight.html">Observation Prostate size</a></li><li><a href="Observation-RadicalProstatectomyMacroscopicProstateDepth.html">Observation Prostate size</a></li><li><a href="Observation-RadicalProstatectomyMacroscopicLymphNodesPresent.html">Observation Tumor finding</a></li><li><a href="Observation-RadicalProstatectomyMacroscopicLymphNodesLaterality.html">Observation Laterality</a></li><li><a href="Observation-RadicalProstatectomyMacroscopicSeminalVesiclesPresent.html">Observation Tumor finding</a></li><li><a href="Observation-RadicalProstatectomyMacroscopicSeminalVesicleLength.html">Observation Seminal vesicle size</a></li></ul><p><b>derivedFrom</b>: <a href="QuestionnaireResponse-QuestionnaireResponseRadicalProstatectomy.html">Response to Questionnaire 'https://art-decor.org/fhir/Questionnaire/2.16.840.1.113883.3.1937.777.18.27.19--20250115134435' about '-&gt;Hans Mueller  Male, DoB: 1955-08-15 ( http://example.hospital.de/patient-ids#PAT-2024-001)'</a></p></div>
        </text>
        <status value="final"/>
        <category>
          <coding>
            <system value="http://terminology.hl7.org/CodeSystem/observation-category"/>
            <code value="laboratory"/>
          </coding>
        </category>
        <code>
          <coding>
            <system value="http://loinc.org"/>
            <code value="22634-0"/>
          </coding>
        </code>
        <subject>
          <reference value="Patient/Patient1"/>
        </subject>
        <effectiveDateTime value="2024-03-16T14:00:00+01:00"/>
        <performer>
          <reference value="Practitioner/PathologistPractitioner"/>
        </performer>
        <valueString value="Makroskopische Messungen des Prostatektomiepräparats"/>
        <note>
          <text value="Makroskopische Aufarbeitung des Prostatektomiepräparats: Prostata 55g, Breite 4.5cm, Höhe 4.0cm, Tiefe 3.5cm, Lymphknoten bilateral vorhanden, Samenbläschen im Resektat vorhanden, Samenbläschen beidseits 2.5cm"/>
        </note>
        <bodySite>
          <coding>
            <system value="http://snomed.info/sct"/>
            <code value="41216001"/>
            <display value="Prostatic structure (body structure)"/>
          </coding>
        </bodySite>
        <hasMember>
          <reference value="Observation/RadicalProstatectomyMacroscopicProstateWeight"/>
        </hasMember>
        <hasMember>
          <reference value="Observation/RadicalProstatectomyMacroscopicProstateWidth"/>
        </hasMember>
        <hasMember>
          <reference value="Observation/RadicalProstatectomyMacroscopicProstateHeight"/>
        </hasMember>
        <hasMember>
          <reference value="Observation/RadicalProstatectomyMacroscopicProstateDepth"/>
        </hasMember>
        <hasMember>
          <reference value="Observation/RadicalProstatectomyMacroscopicLymphNodesPresent"/>
        </hasMember>
        <hasMember>
          <reference value="Observation/RadicalProstatectomyMacroscopicLymphNodesLaterality"/>
        </hasMember>
        <hasMember>
          <reference value="Observation/RadicalProstatectomyMacroscopicSeminalVesiclesPresent"/>
        </hasMember>
        <hasMember>
          <reference value="Observation/RadicalProstatectomyMacroscopicSeminalVesicleLength"/>
        </hasMember>
        <derivedFrom>
          <reference value="QuestionnaireResponse/QuestionnaireResponseRadicalProstatectomy"/>
        </derivedFrom>
      </Observation>
    </resource>
  </entry>
</Bundle>