<?xml version="1.0" encoding="UTF-8"?>

<Condition xmlns="http://hl7.org/fhir">
  <id value="CoreNeedleBiopsyDiagnosisConfirmed"/>
  <meta>
    <profile value="https://www.medizininformatik-initiative.de/fhir/ext/modul-onko/StructureDefinition/mii-pr-onko-diagnose-primaertumor|2026.0.0"/>
  </meta>
  <text>
    <status value="extensions"/><div xmlns="http://www.w3.org/1999/xhtml"><p class="res-header-id"><b>Generated Narrative: Condition CoreNeedleBiopsyDiagnosisConfirmed</b></p><a name="CoreNeedleBiopsyDiagnosisConfirmed"> </a><a name="hcCoreNeedleBiopsyDiagnosisConfirmed"> </a><div style="display: inline-block; background-color: #d9e0e7; padding: 6px; margin: 4px; border: 1px solid #8da1b4; border-radius: 5px; line-height: 60%"><p style="margin-bottom: 0px"/><p style="margin-bottom: 0px">Profile: <a href="https://simplifier.net/resolve?scope=de.medizininformatikinitiative.kerndatensatz.onkologie@2026.0.0&amp;canonical=https://www.medizininformatik-initiative.de/fhir/ext/modul-onko/StructureDefinition/mii-pr-onko-diagnose-primaertumor">MII PR Onkologie Diagnose Primärtumorversion: null2026.0.0)</a></p></div><p><b>Condition Asserted Date</b>: 2024-01-17</p><p><b>clinicalStatus</b>: <span title="Codes:{http://terminology.hl7.org/CodeSystem/condition-clinical active}">Active</span></p><p><b>verificationStatus</b>: <span title="Codes:{http://terminology.hl7.org/CodeSystem/condition-ver-status confirmed}">Confirmed</span></p><p><b>category</b>: <span title="Codes:{http://terminology.hl7.org/CodeSystem/condition-category encounter-diagnosis}">Encounter Diagnosis</span></p><p><b>code</b>: <span title="Codes:{http://fhir.de/CodeSystem/bfarm/icd-10-gm C61}">Bösartige Neubildung der Prostata</span></p><p><b>subject</b>: <a href="Patient-Patient1.html">Hans Mueller  Male, DoB: 1955-08-15 ( http://example.hospital.de/patient-ids#PAT-2024-001)</a></p><p><b>encounter</b>: <a href="Encounter-CoreNeedleBiopsyEncounter.html">Encounter: identifier = http://example.hospital.de/encounters#E_24_001; status = finished; class = IMB (IMB)</a></p><p><b>onset</b>: 2024-01-17</p><p><b>recordedDate</b>: 2024-01-17</p><h3>Stages</h3><table class="grid"><tr><td style="display: none">-</td><td><b>Summary</b></td><td><b>Type</b></td></tr><tr><td style="display: none">*</td><td><span title="Codes:{http://snomed.info/sct 1222593007}">American Joint Committee on Cancer stage IIA (qualifier value)</span></td><td><span title="Codes:{http://snomed.info/sct 260998006}">Clinical staging (qualifier value)</span></td></tr></table><p><b>note</b>: </p><blockquote><div><p>Prostatakarzinom mit ISUP Grade Group 2-3, multifokal in 6 von 12 Stanzen nachgewiesen. Klinisches Stadium cT2a cN0 cM0. Intermediäres Risiko nach D'Amico.</p>
</div></blockquote></div>
  </text>
  <extension url="http://hl7.org/fhir/StructureDefinition/condition-assertedDate">
    <valueDateTime value="2024-01-17"/>
  </extension>
  <clinicalStatus>
    <coding>
      <system value="http://terminology.hl7.org/CodeSystem/condition-clinical"/>
      <code value="active"/>
    </coding>
  </clinicalStatus>
  <verificationStatus>
    <coding>
      <system value="http://terminology.hl7.org/CodeSystem/condition-ver-status"/>
      <code value="confirmed"/>
    </coding>
  </verificationStatus>
  <category>
    <coding>
      <system value="http://terminology.hl7.org/CodeSystem/condition-category"/>
      <code value="encounter-diagnosis"/>
    </coding>
  </category>
  <code>
    <coding>
      <system value="http://fhir.de/CodeSystem/bfarm/icd-10-gm"/>
      <version value="2024"/>
      <code value="C61"/>
      <display value="Bösartige Neubildung der Prostata"/>
    </coding>
  </code>
  <subject>
    <reference value="Patient/Patient1"/>
  </subject>
  <encounter>
    <reference value="Encounter/CoreNeedleBiopsyEncounter"/>
  </encounter>
  <onsetDateTime value="2024-01-17"/>
  <recordedDate value="2024-01-17"/>
  <stage>
    <summary>
      <coding>
        <system value="http://snomed.info/sct"/>
        <code value="1222593007"/>
        <display value="American Joint Committee on Cancer stage IIA (qualifier value)"/>
      </coding>
    </summary>
    <type>
      <coding>
        <system value="http://snomed.info/sct"/>
        <code value="260998006"/>
        <display value="Clinical staging (qualifier value)"/>
      </coding>
    </type>
  </stage>
  <note>
    <text value="Prostatakarzinom mit ISUP Grade Group 2-3, multifokal in 6 von 12 Stanzen nachgewiesen. Klinisches Stadium cT2a cN0 cM0. Intermediäres Risiko nach D'Amico."/>
  </note>
</Condition>