<?xml version="1.0" encoding="UTF-8"?>

<DiagnosticReport xmlns="http://hl7.org/fhir">
  <id value="TransurethralEnucleationReport"/>
  <meta>
    <profile value="https://www.medizininformatik-initiative.de/fhir/ext/modul-patho/StructureDefinition/mii-pr-patho-report"/>
  </meta>
  <text>
    <status value="generated"/><div xmlns="http://www.w3.org/1999/xhtml"><p class="res-header-id"><b>Generated Narrative: DiagnosticReport TransurethralEnucleationReport</b></p><a name="TransurethralEnucleationReport"> </a><a name="hcTransurethralEnucleationReport"> </a><div style="display: inline-block; background-color: #d9e0e7; padding: 6px; margin: 4px; border: 1px solid #8da1b4; border-radius: 5px; line-height: 60%"><p style="margin-bottom: 0px"/><p style="margin-bottom: 0px">Profile: <a href="https://simplifier.net/resolve?scope=de.medizininformatikinitiative.kerndatensatz.patho@2026.0.0&amp;canonical=https://www.medizininformatik-initiative.de/fhir/ext/modul-patho/StructureDefinition/mii-pr-patho-report">MII PR Patho Report</a></p></div><h2><span title="Codes:{http://loinc.org 60568-3}">Pathology Synoptic report</span> (<span title="Codes:{http://terminology.hl7.org/CodeSystem/v2-0074 SP}">Surgical Pathology</span>) </h2><table class="grid"><tr><td>Subject</td><td>Peter Schmidt  Male, DoB: 1960-03-22 ( http://example.hospital.de/patient-ids#PAT-2024-002)</td></tr><tr><td>When For</td><td>2024-05-12 17:00:00+0100</td></tr><tr><td>Reported</td><td>2024-05-13 08:00:00+0100</td></tr><tr><td>Performer</td><td> <a href="Practitioner-PathologistPractitioner.html">Practitioner Maria Schneider </a></td></tr><tr><td>Identifier</td><td> Accession ID/PATH-RPT-2024-004</td></tr></table><p><b>Report Details</b></p><table class="grid"><tr><td><b>Code</b></td><td><b>Value</b></td><td><b>Flags</b></td><td><b>Note</b></td><td><b>When For</b></td></tr><tr><td><a href="Observation-TransurethralEnucleationMacroscopicGrouper.html"><span title="Codes:{http://loinc.org 22634-0}">Pathology report gross observation Narrative</span></a> (<span title="Codes:{http://snomed.info/sct 41216001}">Prostatic structure (body structure)</span>)</td><td>Makroskopische Messungen des Prostata Enucleation Präparats</td><td>Final</td><td><blockquote><div><p>Makroskopische Aufarbeitung des Prostata Enucleation Präparats: Gewicht 25g, Länge 3.5cm, Breite 2.8cm, Tiefe 2.2cm. Keine Samenblasen im Resektat. Keine Lymphknoten im Resektat.</p>
</div></blockquote></td><td>2024-04-11 14:00:00+0100</td></tr><tr><td><a href="Observation-TransurethralEnucleationDiagnosticConclusionGrouper.html"><span title="Codes:{http://loinc.org 22637-3}">Pathology report final diagnosis Narrative</span></a></td><td/><td>Final</td><td/><td>2024-05-12</td></tr></table><p>Prostata Enucleation: Azinäres Adenokarzinom, Gleason Score 4+5=9 (ISUP Grade Group 5), mit invasiven cribriformen Anteilen und intraduktalem Karzinom. Extensive Tumorinfiltration (60% des Gewebes) mit extraprostatischer Extension, Samenblaseninvasion, perineuralem und lymphovaskulärem Befall.</p></div>
  </text>
  <identifier>
    <type>
      <coding>
        <system value="http://terminology.hl7.org/CodeSystem/v2-0203"/>
        <code value="ACSN"/>
        <display value="Accession ID"/>
      </coding>
    </type>
    <system value="http://example.hospital.de/diagnostic-reports"/>
    <value value="PATH-RPT-2024-004"/>
  </identifier>
  <basedOn>
    <reference value="ServiceRequest/TransurethralEnucleationServiceRequest"/>
  </basedOn>
  <status value="final"/>
  <category>
    <coding>
      <system value="http://terminology.hl7.org/CodeSystem/v2-0074"/>
      <code value="SP"/>
      <display value="Surgical Pathology"/>
    </coding>
  </category>
  <code>
    <coding>
      <system value="http://loinc.org"/>
      <code value="60568-3"/>
      <display value="Pathology Synoptic report"/>
    </coding>
  </code>
  <subject>
    <reference value="Patient/Patient2"/>
  </subject>
  <effectiveDateTime value="2024-05-12T17:00:00+01:00"/>
  <issued value="2024-05-13T08:00:00+01:00"/>
  <performer>
    <reference value="Practitioner/PathologistPractitioner"/>
  </performer>
  <specimen>
    <reference value="Specimen/TransurethralEnucleationSpecimenPart"/>
  </specimen>
  <specimen>
    <reference value="Specimen/TransurethralEnucleationSpecimenBlock01"/>
  </specimen>
  <specimen>
    <reference value="Specimen/TransurethralEnucleationSpecimenSlide01A"/>
  </specimen>
  <specimen>
    <reference value="Specimen/TransurethralEnucleationSpecimenSlide01B"/>
  </specimen>
  <specimen>
    <reference value="Specimen/TransurethralEnucleationSpecimenBlock02"/>
  </specimen>
  <specimen>
    <reference value="Specimen/TransurethralEnucleationSpecimenSlide02A"/>
  </specimen>
  <specimen>
    <reference value="Specimen/TransurethralEnucleationSpecimenSlide02B"/>
  </specimen>
  <specimen>
    <reference value="Specimen/TransurethralEnucleationSpecimenBlock03"/>
  </specimen>
  <specimen>
    <reference value="Specimen/TransurethralEnucleationSpecimenSlide03A"/>
  </specimen>
  <specimen>
    <reference value="Specimen/TransurethralEnucleationSpecimenSlide03B"/>
  </specimen>
  <specimen>
    <reference value="Specimen/TransurethralEnucleationSpecimenBlock04"/>
  </specimen>
  <specimen>
    <reference value="Specimen/TransurethralEnucleationSpecimenSlide04A"/>
  </specimen>
  <specimen>
    <reference value="Specimen/TransurethralEnucleationSpecimenSlide04B"/>
  </specimen>
  <specimen>
    <reference value="Specimen/TransurethralEnucleationSpecimenBlock05"/>
  </specimen>
  <specimen>
    <reference value="Specimen/TransurethralEnucleationSpecimenSlide05A"/>
  </specimen>
  <specimen>
    <reference value="Specimen/TransurethralEnucleationSpecimenSlide05B"/>
  </specimen>
  <result>
    <reference value="Observation/TransurethralEnucleationMacroscopicGrouper"/>
  </result>
  <result>
    <reference value="Observation/TransurethralEnucleationDiagnosticConclusionGrouper"/>
  </result>
  <conclusion value="Prostata Enucleation: Azinäres Adenokarzinom, Gleason Score 4+5=9 (ISUP Grade Group 5), mit invasiven cribriformen Anteilen und intraduktalem Karzinom. Extensive Tumorinfiltration (60% des Gewebes) mit extraprostatischer Extension, Samenblaseninvasion, perineuralem und lymphovaskulärem Befall."/>
</DiagnosticReport>