<?xml version="1.0" encoding="UTF-8"?>

<Encounter xmlns="http://hl7.org/fhir">
  <id value="TransurethralEnucleationEncounter"/>
  <text>
    <status value="generated"/><div xmlns="http://www.w3.org/1999/xhtml"><p class="res-header-id"><b>Generated Narrative: Encounter TransurethralEnucleationEncounter</b></p><a name="TransurethralEnucleationEncounter"> </a><a name="hcTransurethralEnucleationEncounter"> </a><p><b>identifier</b>: <code>http://example.hospital.de/encounters</code>/E_24_004</p><p><b>status</b>: Finished</p><p><b>class</b>: [not stated]: IMP (IMP)</p><p><b>subject</b>: <a href="Patient-Patient3.html">Klaus Becker  Male, DoB: 1958-11-10 ( http://example.hospital.de/patient-ids#PAT-2024-003)</a></p></div>
  </text>
  <identifier>
    <system value="http://example.hospital.de/encounters"/>
    <value value="E_24_004"/>
  </identifier>
  <status value="finished"/>
  <class>
    <code value="IMP"/>
  </class>
  <subject>
    <reference value="Patient/Patient3"/>
  </subject>
</Encounter>