<?xml version="1.0" encoding="UTF-8"?>

<Observation xmlns="http://hl7.org/fhir">
  <id value="RadicalProstatectomyLymphNodesExamined"/>
  <meta>
    <profile value="https://www.medizininformatik-initiative.de/fhir/ext/modul-patho/StructureDefinition/mii-pr-patho-finding|2026.0.0"/>
  </meta>
  <text>
    <status value="generated"/><div xmlns="http://www.w3.org/1999/xhtml"><p class="res-header-id"><b>Generated Narrative: Observation RadicalProstatectomyLymphNodesExamined</b></p><a name="RadicalProstatectomyLymphNodesExamined"> </a><a name="hcRadicalProstatectomyLymphNodesExamined"> </a><div style="display: inline-block; background-color: #d9e0e7; padding: 6px; margin: 4px; border: 1px solid #8da1b4; border-radius: 5px; line-height: 60%"><p style="margin-bottom: 0px"/><p style="margin-bottom: 0px">Profile: <a href="https://simplifier.net/resolve?scope=de.medizininformatikinitiative.kerndatensatz.patho@2026.0.0&amp;canonical=https://www.medizininformatik-initiative.de/fhir/ext/modul-patho/StructureDefinition/mii-pr-patho-finding">MII PR Patho Findingversion: null2026.0.0)</a></p></div><p><b>basedOn</b>: <a href="ServiceRequest-RadicalProstatectomyReportRequest.html">ServiceRequest Radical prostatectomy (procedure)</a></p><p><b>status</b>: Final</p><p><b>category</b>: <span title="Codes:{http://terminology.hl7.org/CodeSystem/observation-category laboratory}">Laboratory</span>, <span title="Codes:{http://loinc.org 22637-3}">Pathology report final diagnosis Narrative</span></p><p><b>code</b>: <span title="Codes:{http://loinc.org 21894-1}">Regional lymph nodes examined [#] in Cancer specimen</span></p><p><b>subject</b>: <a href="Patient-Patient1.html">Hans Mueller  Male, DoB: 1955-08-15 ( http://example.hospital.de/patient-ids#PAT-2024-001)</a></p><p><b>effective</b>: 2024-03-20</p><p><b>performer</b>: <a href="Practitioner-PathologistPractitioner.html">Practitioner Maria Schneider </a></p><p><b>value</b>: 12 lymph nodes<span style="background: LightGoldenRodYellow"> (Details: UCUM  code{LymphNodes} = '{LymphNodes}')</span></p><p><b>derivedFrom</b>: <a href="QuestionnaireResponse-QuestionnaireResponseRadicalProstatectomy.html">Response to Questionnaire 'https://art-decor.org/fhir/Questionnaire/2.16.840.1.113883.3.1937.777.18.27.19--20250115134435' about '-&gt;Hans Mueller  Male, DoB: 1955-08-15 ( http://example.hospital.de/patient-ids#PAT-2024-001)'</a></p></div>
  </text>
  <basedOn>
    <reference value="ServiceRequest/RadicalProstatectomyReportRequest"/>
  </basedOn>
  <status value="final"/>
  <category>
    <coding>
      <system value="http://terminology.hl7.org/CodeSystem/observation-category"/>
      <code value="laboratory"/>
    </coding>
  </category>
  <category>
    <coding>
      <system value="http://loinc.org"/>
      <code value="22637-3"/>
    </coding>
  </category>
  <code>
    <coding>
      <system value="http://loinc.org"/>
      <code value="21894-1"/>
      <display value="Regional lymph nodes examined [#] in Cancer specimen"/>
    </coding>
  </code>
  <subject>
    <reference value="Patient/Patient1"/>
  </subject>
  <effectiveDateTime value="2024-03-20"/>
  <performer>
    <reference value="Practitioner/PathologistPractitioner"/>
  </performer>
  <valueQuantity>
    <value value="12"/>
    <unit value="lymph nodes"/>
    <system value="http://unitsofmeasure.org"/>
    <code value="{LymphNodes}"/>
  </valueQuantity>
  <derivedFrom>
    <reference value="QuestionnaireResponse/QuestionnaireResponseRadicalProstatectomy"/>
  </derivedFrom>
</Observation>