<?xml version="1.0" encoding="UTF-8"?>

<Observation xmlns="http://hl7.org/fhir">
  <id value="TransurethralResectionHistologicalDiagnosis"/>
  <meta>
    <profile value="https://www.medizininformatik-initiative.de/fhir/ext/modul-patho/StructureDefinition/mii-pr-patho-finding|2026.0.0"/>
  </meta>
  <text>
    <status value="generated"/><div xmlns="http://www.w3.org/1999/xhtml"><p class="res-header-id"><b>Generated Narrative: Observation TransurethralResectionHistologicalDiagnosis</b></p><a name="TransurethralResectionHistologicalDiagnosis"> </a><a name="hcTransurethralResectionHistologicalDiagnosis"> </a><div style="display: inline-block; background-color: #d9e0e7; padding: 6px; margin: 4px; border: 1px solid #8da1b4; border-radius: 5px; line-height: 60%"><p style="margin-bottom: 0px"/><p style="margin-bottom: 0px">Profile: <a href="https://simplifier.net/resolve?scope=de.medizininformatikinitiative.kerndatensatz.patho@2026.0.0&amp;canonical=https://www.medizininformatik-initiative.de/fhir/ext/modul-patho/StructureDefinition/mii-pr-patho-finding">MII PR Patho Findingversion: null2026.0.0)</a></p></div><p><b>basedOn</b>: <a href="ServiceRequest-TransurethralResectionReportRequest.html">ServiceRequest Transurethral resection of prostate (procedure)</a></p><p><b>status</b>: Final</p><p><b>category</b>: <span title="Codes:{http://terminology.hl7.org/CodeSystem/observation-category laboratory}">Laboratory</span>, <span title="Codes:{http://loinc.org 22637-3}">Pathology report final diagnosis Narrative</span></p><p><b>code</b>: <span title="Codes:{http://loinc.org 33731-1}">Histology type in Cancer specimen Narrative</span></p><p><b>subject</b>: <a href="Patient-Patient2.html">Peter Schmidt  Male, DoB: 1960-03-22 ( http://example.hospital.de/patient-ids#PAT-2024-002)</a></p><p><b>effective</b>: 2024-04-12</p><p><b>performer</b>: <a href="Practitioner-PathologistPractitioner.html">Practitioner Maria Schneider </a></p><p><b>value</b>: Benigne Prostatahyperplasie mit glandulärer und stromaler Hyperplasie. Kein Anhalt für Malignität. Keine high-grade PIN. Keine ASAP.</p><p><b>specimen</b>: <a href="Specimen-TransurethralResectionSpecimenSlide01A.html">Specimen: identifier = https://pathologie.example-hospital.de/fhir/fn/befundbericht#E_24_003_A_1_1HE; accessionIdentifier = https://pathologie.example-hospital.de/fhir/fn/befundbericht#E_24_003; status = available; type = Tissue section (specimen)</a></p><p><b>derivedFrom</b>: <a href="QuestionnaireResponse-QuestionnaireResponseTransurethralResection.html">Response to Questionnaire 'https://art-decor.org/fhir/Questionnaire/2.16.840.1.113883.3.1937.777.18.27.20--20250115134435' about '-&gt;Peter Schmidt  Male, DoB: 1960-03-22 ( http://example.hospital.de/patient-ids#PAT-2024-002)'</a></p></div>
  </text>
  <basedOn>
    <reference value="ServiceRequest/TransurethralResectionReportRequest"/>
  </basedOn>
  <status value="final"/>
  <category>
    <coding>
      <system value="http://terminology.hl7.org/CodeSystem/observation-category"/>
      <code value="laboratory"/>
    </coding>
  </category>
  <category>
    <coding>
      <system value="http://loinc.org"/>
      <code value="22637-3"/>
    </coding>
  </category>
  <code>
    <coding>
      <system value="http://loinc.org"/>
      <code value="33731-1"/>
      <display value="Histology type in Cancer specimen Narrative"/>
    </coding>
  </code>
  <subject>
    <reference value="Patient/Patient2"/>
  </subject>
  <effectiveDateTime value="2024-04-12"/>
  <performer>
    <reference value="Practitioner/PathologistPractitioner"/>
  </performer>
  <valueString value="Benigne Prostatahyperplasie mit glandulärer und stromaler Hyperplasie. Kein Anhalt für Malignität. Keine high-grade PIN. Keine ASAP."/>
  <specimen>
    <reference value="Specimen/TransurethralResectionSpecimenSlide01A"/>
  </specimen>
  <derivedFrom>
    <reference value="QuestionnaireResponse/QuestionnaireResponseTransurethralResection"/>
  </derivedFrom>
</Observation>