<?xml version="1.0" encoding="UTF-8"?>

<Observation xmlns="http://hl7.org/fhir">
  <id value="RadicalProstatectomyProstaticTissueInvolved"/>
  <meta>
    <profile value="https://www.medizininformatik-initiative.de/fhir/ext/modul-patho/StructureDefinition/mii-pr-patho-finding|2026.0.0"/>
  </meta>
  <text>
    <status value="generated"/><div xmlns="http://www.w3.org/1999/xhtml"><p class="res-header-id"><b>Generated Narrative: Observation RadicalProstatectomyProstaticTissueInvolved</b></p><a name="RadicalProstatectomyProstaticTissueInvolved"> </a><a name="hcRadicalProstatectomyProstaticTissueInvolved"> </a><div style="display: inline-block; background-color: #d9e0e7; padding: 6px; margin: 4px; border: 1px solid #8da1b4; border-radius: 5px; line-height: 60%"><p style="margin-bottom: 0px"/><p style="margin-bottom: 0px">Profile: <a href="https://simplifier.net/resolve?scope=de.medizininformatikinitiative.kerndatensatz.patho@2026.0.0&amp;canonical=https://www.medizininformatik-initiative.de/fhir/ext/modul-patho/StructureDefinition/mii-pr-patho-finding">MII PR Patho Findingversion: null2026.0.0)</a></p></div><p><b>basedOn</b>: <a href="ServiceRequest-RadicalProstatectomyReportRequest.html">ServiceRequest Pathology synoptic report</a></p><p><b>status</b>: Final</p><p><b>category</b>: <span title="Codes:{http://terminology.hl7.org/CodeSystem/observation-category laboratory}">Laboratory</span>, <span title="Codes:{http://loinc.org 22637-3}">Pathology report final diagnosis Narrative</span></p><p><b>code</b>: <span title="Codes:{http://loinc.org 44654-2}">Prostatic tissue involved by tumour</span></p><p><b>subject</b>: <a href="Patient-Patient1.html">Hans Mueller  Male, DoB: 1955-08-15 ( http://example.hospital.de/patient-ids#PAT-2024-001)</a></p><p><b>effective</b>: 2024-03-20</p><p><b>performer</b>: <a href="Practitioner-PathologistPractitioner.html">Practitioner Maria Schneider </a></p><p><b>value</b>: 25 %<span style="background: LightGoldenRodYellow"> (Details: UCUM  code% = '%')</span></p><p><b>specimen</b>: <a href="Specimen-RadicalProstatectomySpecimenPart.html">Specimen: identifier = Placer Identifier,Filler Identifier; accessionIdentifier = https://pathologie.example-hospital.de/fhir/fn/befundbericht#E_24_002; status = available; type = Specimen from prostate obtained by radical prostatectomy (specimen)</a></p><p><b>derivedFrom</b>: <a href="QuestionnaireResponse-QuestionnaireResponseRadicalProstatectomy.html">Response to Questionnaire 'https://art-decor.org/fhir/Questionnaire/2.16.840.1.113883.3.1937.777.18.27.19--20250115134435' about '-&gt;Hans Mueller  Male, DoB: 1955-08-15 ( http://example.hospital.de/patient-ids#PAT-2024-001)'</a></p></div>
  </text>
  <basedOn>
    <reference value="ServiceRequest/RadicalProstatectomyReportRequest"/>
  </basedOn>
  <status value="final"/>
  <category>
    <coding>
      <system value="http://terminology.hl7.org/CodeSystem/observation-category"/>
      <code value="laboratory"/>
    </coding>
  </category>
  <category>
    <coding>
      <system value="http://loinc.org"/>
      <code value="22637-3"/>
    </coding>
  </category>
  <code>
    <coding>
      <system value="http://loinc.org"/>
      <code value="44654-2"/>
      <display value="Tissue involvement by tumor as percentage of total tissue examined"/>
    </coding>
    <text value="Prostatic tissue involved by tumour"/>
  </code>
  <subject>
    <reference value="Patient/Patient1"/>
  </subject>
  <effectiveDateTime value="2024-03-20"/>
  <performer>
    <reference value="Practitioner/PathologistPractitioner"/>
  </performer>
  <valueQuantity>
    <value value="25"/>
    <unit value="%"/>
    <system value="http://unitsofmeasure.org"/>
    <code value="%"/>
  </valueQuantity>
  <specimen>
    <reference value="Specimen/RadicalProstatectomySpecimenPart"/>
  </specimen>
  <derivedFrom>
    <reference value="QuestionnaireResponse/QuestionnaireResponseRadicalProstatectomy"/>
  </derivedFrom>
</Observation>