<?xml version="1.0" encoding="UTF-8"?>

<Observation xmlns="http://hl7.org/fhir">
  <id value="RadicalProstatectomyMacroscopicLymphNodesLaterality"/>
  <meta>
    <profile value="https://www.medizininformatik-initiative.de/fhir/ext/modul-patho/StructureDefinition/mii-pr-patho-finding|2026.0.0"/>
  </meta>
  <text>
    <status value="generated"/><div xmlns="http://www.w3.org/1999/xhtml"><p class="res-header-id"><b>Generated Narrative: Observation RadicalProstatectomyMacroscopicLymphNodesLaterality</b></p><a name="RadicalProstatectomyMacroscopicLymphNodesLaterality"> </a><a name="hcRadicalProstatectomyMacroscopicLymphNodesLaterality"> </a><div style="display: inline-block; background-color: #d9e0e7; padding: 6px; margin: 4px; border: 1px solid #8da1b4; border-radius: 5px; line-height: 60%"><p style="margin-bottom: 0px"/><p style="margin-bottom: 0px">Profile: <a href="https://simplifier.net/resolve?scope=de.medizininformatikinitiative.kerndatensatz.patho@2026.0.0&amp;canonical=https://www.medizininformatik-initiative.de/fhir/ext/modul-patho/StructureDefinition/mii-pr-patho-finding">MII PR Patho Findingversion: null2026.0.0)</a></p></div><p><b>status</b>: Final</p><p><b>category</b>: <span title="Codes:{http://terminology.hl7.org/CodeSystem/observation-category laboratory}">Laboratory</span>, <span title="Codes:{http://loinc.org 22634-0}">Pathology report gross observation Narrative</span></p><p><b>code</b>: <span title="Codes:{http://loinc.org 272741003}">Laterality</span></p><p><b>subject</b>: <a href="Patient-Patient1.html">Hans Mueller  Male, DoB: 1955-08-15 ( http://example.hospital.de/patient-ids#PAT-2024-001)</a></p><p><b>effective</b>: 2024-03-16 14:18:30+0100</p><p><b>performer</b>: <a href="Practitioner-PathologistPractitioner.html">Practitioner Maria Schneider </a></p><p><b>value</b>: <span title="Codes:{http://snomed.info/sct 51440002}">Bilateral (qualifier value)</span></p><p><b>note</b>: </p><blockquote><div><p>Lymphknoten bilateral vorhanden</p>
</div></blockquote><p><b>bodySite</b>: <span title="Codes:{http://snomed.info/sct 245357009}">Pelvic lymph node</span></p><p><b>specimen</b>: <a href="Specimen-RadicalProstatectomySpecimenPart.html">Specimen: identifier = Placer Identifier,Filler Identifier; accessionIdentifier = https://pathologie.example-hospital.de/fhir/fn/befundbericht#E_24_002; status = available; type = Specimen from prostate obtained by radical prostatectomy (specimen)</a></p><p><b>derivedFrom</b>: <a href="QuestionnaireResponse-QuestionnaireResponseRadicalProstatectomy.html">Response to Questionnaire 'https://art-decor.org/fhir/Questionnaire/2.16.840.1.113883.3.1937.777.18.27.19--20250115134435' about '-&gt;Hans Mueller  Male, DoB: 1955-08-15 ( http://example.hospital.de/patient-ids#PAT-2024-001)'</a></p></div>
  </text>
  <status value="final"/>
  <category>
    <coding>
      <system value="http://terminology.hl7.org/CodeSystem/observation-category"/>
      <code value="laboratory"/>
    </coding>
  </category>
  <category>
    <coding>
      <system value="http://loinc.org"/>
      <code value="22634-0"/>
    </coding>
  </category>
  <code>
    <coding>
      <system value="http://loinc.org"/>
      <code value="272741003"/>
      <display value="Laterality"/>
    </coding>
  </code>
  <subject>
    <reference value="Patient/Patient1"/>
  </subject>
  <effectiveDateTime value="2024-03-16T14:18:30+01:00"/>
  <performer>
    <reference value="Practitioner/PathologistPractitioner"/>
  </performer>
  <valueCodeableConcept>
    <coding>
      <system value="http://snomed.info/sct"/>
      <code value="51440002"/>
      <display value="Bilateral (qualifier value)"/>
    </coding>
  </valueCodeableConcept>
  <note>
    <text value="Lymphknoten bilateral vorhanden"/>
  </note>
  <bodySite>
    <coding>
      <system value="http://snomed.info/sct"/>
      <code value="245357009"/>
      <display value="Pelvic lymph node"/>
    </coding>
  </bodySite>
  <specimen>
    <reference value="Specimen/RadicalProstatectomySpecimenPart"/>
  </specimen>
  <derivedFrom>
    <reference value="QuestionnaireResponse/QuestionnaireResponseRadicalProstatectomy"/>
  </derivedFrom>
</Observation>