<?xml version="1.0" encoding="UTF-8"?>

<Observation xmlns="http://hl7.org/fhir">
  <id value="RadicalProstatectomyPercentageGleason45"/>
  <meta>
    <profile value="https://www.medizininformatik-initiative.de/fhir/ext/modul-patho/StructureDefinition/mii-pr-patho-finding|2026.0.0"/>
  </meta>
  <text>
    <status value="generated"/><div xmlns="http://www.w3.org/1999/xhtml"><p class="res-header-id"><b>Generated Narrative: Observation RadicalProstatectomyPercentageGleason45</b></p><a name="RadicalProstatectomyPercentageGleason45"> </a><a name="hcRadicalProstatectomyPercentageGleason45"> </a><div style="display: inline-block; background-color: #d9e0e7; padding: 6px; margin: 4px; border: 1px solid #8da1b4; border-radius: 5px; line-height: 60%"><p style="margin-bottom: 0px"/><p style="margin-bottom: 0px">Profile: <a href="https://simplifier.net/resolve?scope=de.medizininformatikinitiative.kerndatensatz.patho@2026.0.0&amp;canonical=https://www.medizininformatik-initiative.de/fhir/ext/modul-patho/StructureDefinition/mii-pr-patho-finding">MII PR Patho Findingversion: null2026.0.0)</a></p></div><p><b>basedOn</b>: <a href="ServiceRequest-RadicalProstatectomyServiceRequest.html">ServiceRequest Radical prostatectomy (procedure)</a></p><p><b>status</b>: Final</p><p><b>category</b>: <span title="Codes:{http://terminology.hl7.org/CodeSystem/observation-category laboratory}">Laboratory</span>, <span title="Codes:{http://loinc.org 22637-3}">Pathology report final diagnosis Narrative</span></p><p><b>code</b>: <span title="Codes:{http://loinc.org 94735-8}">Prostate tumor area with Gleason pattern 4+5/Total tumor area</span></p><p><b>subject</b>: <a href="Patient-Patient2.html">Peter Schmidt  Male, DoB: 1960-03-22 ( http://example.hospital.de/patient-ids#PAT-2024-002)</a></p><p><b>effective</b>: 2024-03-20</p><p><b>performer</b>: <a href="Practitioner-PathologistPractitioner.html">Practitioner Maria Schneider </a></p><p><b>value</b>: 30 %<span style="background: LightGoldenRodYellow"> (Details: UCUM  code% = '%')</span></p><p><b>specimen</b>: <a href="Specimen-RadicalProstatectomySpecimenSlide01A.html">Specimen: identifier = https://pathologie.example-hospital.de/fhir/fn/befundbericht#E2024_002-HE-01A; accessionIdentifier = https://pathologie.example-hospital.de/fhir/fn/befundbericht#E2024_002; status = available; type = Histopathology slide (physical object)</a></p></div>
  </text>
  <basedOn>
    <reference value="ServiceRequest/RadicalProstatectomyServiceRequest"/>
  </basedOn>
  <status value="final"/>
  <category>
    <coding>
      <system value="http://terminology.hl7.org/CodeSystem/observation-category"/>
      <code value="laboratory"/>
    </coding>
  </category>
  <category>
    <coding>
      <system value="http://loinc.org"/>
      <code value="22637-3"/>
    </coding>
  </category>
  <code>
    <coding>
      <system value="http://loinc.org"/>
      <code value="94735-8"/>
      <display value="Prostate tumor area with Gleason pattern 4+5/Total tumor area"/>
    </coding>
  </code>
  <subject>
    <reference value="Patient/Patient2"/>
  </subject>
  <effectiveDateTime value="2024-03-20"/>
  <performer>
    <reference value="Practitioner/PathologistPractitioner"/>
  </performer>
  <valueQuantity>
    <value value="30"/>
    <unit value="%"/>
    <system value="http://unitsofmeasure.org"/>
    <code value="%"/>
  </valueQuantity>
  <specimen>
    <reference value="Specimen/RadicalProstatectomySpecimenSlide01A"/>
  </specimen>
</Observation>