<?xml version="1.0" encoding="UTF-8"?>

<Observation xmlns="http://hl7.org/fhir">
  <id value="CoreNeedleBiopsySekundaerGleason06"/>
  <meta>
    <profile value="https://www.medizininformatik-initiative.de/fhir/ext/modul-onko/StructureDefinition/mii-pr-onko-prostate-gleason-patterns"/>
    <profile value="https://www.medizininformatik-initiative.de/fhir/ext/modul-patho/StructureDefinition/mii-pr-patho-finding|2026.0.0"/>
  </meta>
  <text>
    <status value="generated"/><div xmlns="http://www.w3.org/1999/xhtml"><p class="res-header-id"><b>Generated Narrative: Observation CoreNeedleBiopsySekundaerGleason06</b></p><a name="CoreNeedleBiopsySekundaerGleason06"> </a><a name="hcCoreNeedleBiopsySekundaerGleason06"> </a><div style="display: inline-block; background-color: #d9e0e7; padding: 6px; margin: 4px; border: 1px solid #8da1b4; border-radius: 5px; line-height: 60%"><p style="margin-bottom: 0px"/><p style="margin-bottom: 0px">Profiles: <a href="https://simplifier.net/resolve?scope=de.medizininformatikinitiative.kerndatensatz.onkologie@2026.0.0&amp;canonical=https://www.medizininformatik-initiative.de/fhir/ext/modul-onko/StructureDefinition/mii-pr-onko-prostate-gleason-patterns">MII PR Onkologie Prostata Gleason Primär</a>, <a href="https://simplifier.net/resolve?scope=de.medizininformatikinitiative.kerndatensatz.patho@2026.0.0&amp;canonical=https://www.medizininformatik-initiative.de/fhir/ext/modul-patho/StructureDefinition/mii-pr-patho-finding">MII PR Patho Findingversion: null2026.0.0)</a></p></div><p><b>status</b>: Final</p><p><b>category</b>: <span title="Codes:{http://terminology.hl7.org/CodeSystem/observation-category laboratory}">Laboratory</span>, <span title="Codes:{http://loinc.org 22635-7}">Pathology report microscopic observation Narrative Other stain</span></p><p><b>code</b>: <span title="Codes:{http://loinc.org 44642-7}, {http://snomed.info/sct 384995005}">Gleason pattern.secondary in Prostate tumor</span></p><p><b>subject</b>: <a href="Patient-Patient1.html">Hans Mueller  Male, DoB: 1955-08-15 ( http://example.hospital.de/patient-ids#PAT-2024-001)</a></p><p><b>effective</b>: 2024-01-17 10:00:00+0100</p><p><b>performer</b>: <a href="Practitioner-PathologistPractitioner.html">Practitioner Maria Schneider </a></p><p><b>value</b>: <span title="Codes:{http://snomed.info/sct 369772003}">Gleason Pattern 3 (finding)</span></p><p><b>bodySite</b>: <span title="Codes:{http://snomed.info/sct 716907005}">Structure of apex part of peripheral zone of left half prostate (body structure)</span></p><p><b>specimen</b>: <a href="Specimen-CoreNeedleBiopsySpecimen06Slide.html">Specimen: identifier = https://pathologie.example-hospital.de/fhir/fn/befundbericht#E_24_001_F_1_1HE; accessionIdentifier = https://pathologie.example-hospital.de/fhir/fn/befundbericht#E_24_001; status = available; type = Tissue section (specimen)</a></p></div>
  </text>
  <status value="final"/>
  <category>
    <coding>
      <system value="http://terminology.hl7.org/CodeSystem/observation-category"/>
      <code value="laboratory"/>
    </coding>
  </category>
  <category>
    <coding>
      <system value="http://loinc.org"/>
      <code value="22635-7"/>
    </coding>
  </category>
  <code>
    <coding>
      <system value="http://loinc.org"/>
      <code value="44642-7"/>
      <display value="Gleason pattern.secondary in Prostate tumor"/>
    </coding>
    <coding>
      <system value="http://snomed.info/sct"/>
      <code value="384995005"/>
      <display value="Secondary Gleason pattern (observable entity)"/>
    </coding>
  </code>
  <subject>
    <reference value="Patient/Patient1"/>
  </subject>
  <effectiveDateTime value="2024-01-17T10:00:00+01:00"/>
  <performer>
    <reference value="Practitioner/PathologistPractitioner"/>
  </performer>
  <valueCodeableConcept>
    <coding>
      <system value="http://snomed.info/sct"/>
      <code value="369772003"/>
      <display value="Gleason Pattern 3 (finding)"/>
    </coding>
  </valueCodeableConcept>
  <bodySite>
    <coding>
      <system value="http://snomed.info/sct"/>
      <code value="716907005"/>
      <display value="Structure of apex part of peripheral zone of left half prostate (body structure)"/>
    </coding>
  </bodySite>
  <specimen>
    <reference value="Specimen/CoreNeedleBiopsySpecimen06Slide"/>
  </specimen>
</Observation>