<?xml version="1.0" encoding="UTF-8"?>

<Observation xmlns="http://hl7.org/fhir">
  <id value="TransurethralResectionPSAPre"/>
  <meta>
    <profile value="https://www.medizininformatik-initiative.de/fhir/ext/modul-onko/StructureDefinition/mii-pr-onko-prostate-psa|2026.0.0"/>
  </meta>
  <text>
    <status value="generated"/><div xmlns="http://www.w3.org/1999/xhtml"><p class="res-header-id"><b>Generated Narrative: Observation TransurethralResectionPSAPre</b></p><a name="TransurethralResectionPSAPre"> </a><a name="hcTransurethralResectionPSAPre"> </a><div style="display: inline-block; background-color: #d9e0e7; padding: 6px; margin: 4px; border: 1px solid #8da1b4; border-radius: 5px; line-height: 60%"><p style="margin-bottom: 0px"/><p style="margin-bottom: 0px">Profile: <a href="https://simplifier.net/resolve?scope=de.medizininformatikinitiative.kerndatensatz.onkologie@2026.0.0&amp;canonical=https://www.medizininformatik-initiative.de/fhir/ext/modul-onko/StructureDefinition/mii-pr-onko-prostate-psa">MII PR Onkologie PSA-Wertversion: null2026.0.0)</a></p></div><p><b>status</b>: Final</p><p><b>category</b>: <span title="Codes:{http://loinc.org 26436-6}">Laboratory studies (set)</span>, <span title="Codes:{http://loinc.org LP7839-6}">Pathology</span></p><p><b>code</b>: <span title="Codes:{http://loinc.org 2857-1}">Prostate specific antigen [Mass/volume] in Serum or Plasma</span></p><p><b>subject</b>: <a href="Patient-Patient2.html">Peter Schmidt  Male, DoB: 1960-03-22 ( http://example.hospital.de/patient-ids#PAT-2024-002)</a></p><p><b>effective</b>: 2024-04-05 08:00:00+0100</p><p><b>value</b>: 8.5 ng/ml<span style="background: LightGoldenRodYellow"> (Details: UCUM  codeng/mL = 'ng/mL')</span></p><h3>ReferenceRanges</h3><table class="grid"><tr><td style="display: none">-</td><td><b>Low</b></td><td><b>High</b></td><td><b>Text</b></td></tr><tr><td style="display: none">*</td><td>0 ng/ml</td><td>3 ng/ml</td><td>Normbereich für Männer über 50 Jahre</td></tr></table></div>
  </text>
  <status value="final"/>
  <category>
    <coding>
      <system value="http://loinc.org"/>
      <code value="26436-6"/>
      <display value="Laboratory studies (set)"/>
    </coding>
  </category>
  <category>
    <coding>
      <system value="http://loinc.org"/>
      <code value="LP7839-6"/>
      <display value="Pathology"/>
    </coding>
  </category>
  <code>
    <coding>
      <system value="http://loinc.org"/>
      <code value="2857-1"/>
      <display value="Prostate specific antigen [Mass/volume] in Serum or Plasma"/>
    </coding>
  </code>
  <subject>
    <reference value="Patient/Patient2"/>
  </subject>
  <effectiveDateTime value="2024-04-05T08:00:00+01:00"/>
  <valueQuantity>
    <value value="8.5"/>
    <unit value="ng/ml"/>
    <system value="http://unitsofmeasure.org"/>
    <code value="ng/mL"/>
  </valueQuantity>
  <referenceRange>
    <low>
      <value value="0"/>
      <unit value="ng/ml"/>
    </low>
    <high>
      <value value="3"/>
      <unit value="ng/ml"/>
    </high>
    <text value="Normbereich für Männer über 50 Jahre"/>
  </referenceRange>
</Observation>