<?xml version="1.0" encoding="UTF-8"?>

<Observation xmlns="http://hl7.org/fhir">
  <id value="CoreNeedleBiopsyDiagnosticConclusionGrouper"/>
  <meta>
    <profile value="https://www.medizininformatik-initiative.de/fhir/ext/modul-patho/StructureDefinition/mii-pr-patho-diagnostic-conclusion-grouper|2026.0.0"/>
  </meta>
  <text>
    <status value="generated"/><div xmlns="http://www.w3.org/1999/xhtml"><p class="res-header-id"><b>Generated Narrative: Observation CoreNeedleBiopsyDiagnosticConclusionGrouper</b></p><a name="CoreNeedleBiopsyDiagnosticConclusionGrouper"> </a><a name="hcCoreNeedleBiopsyDiagnosticConclusionGrouper"> </a><div style="display: inline-block; background-color: #d9e0e7; padding: 6px; margin: 4px; border: 1px solid #8da1b4; border-radius: 5px; line-height: 60%"><p style="margin-bottom: 0px"/><p style="margin-bottom: 0px">Profile: <a href="https://simplifier.net/resolve?scope=de.medizininformatikinitiative.kerndatensatz.patho@2026.0.0&amp;canonical=https://www.medizininformatik-initiative.de/fhir/ext/modul-patho/StructureDefinition/mii-pr-patho-diagnostic-conclusion-grouper">MII PR Patho Diagnostic Conclusion Grouperversion: null2026.0.0)</a></p></div><p><b>basedOn</b>: <a href="ServiceRequest-CoreNeedleBiopsyReportRequest.html">ServiceRequest Prostate Pathology biopsy report</a></p><p><b>status</b>: Final</p><p><b>category</b>: <span title="Codes:{http://terminology.hl7.org/CodeSystem/observation-category laboratory}">Laboratory</span></p><p><b>code</b>: <span title="Codes:{http://loinc.org 22637-3}">Pathology report final diagnosis Narrative</span></p><p><b>subject</b>: <a href="Patient-Patient1.html">Hans Mueller  Male, DoB: 1955-08-15 ( http://example.hospital.de/patient-ids#PAT-2024-001)</a></p><p><b>effective</b>: 2023-03-15</p><p><b>performer</b>: <a href="Practitioner-PathologistPractitioner.html">Practitioner Maria Schneider </a></p><p><b>note</b>: By Practitioner/PathologistPractitioner @2023-03-15</p><blockquote><div><p>Zusammenfassung: Azinäres Adenokarzinom der Prostata (ICD-O 8140/3). Höchster Gleason-Score 4+5=9, ISUP-Gradgruppe 5 (WHO 2016). 7 von 12 Stanzen tumorbefallen (4 rechts: 01, 02, 04, 06; 3 links: 07, 09, 11), prozentualer Tumoranteil 51%, Tumorlänge gesamt 52,7 mm. Perineurale Infiltration nachgewiesen. Infiltration des periprostatischen Fettgewebes apikal nachgewiesen (Hinweis auf extraprostatische Ausbreitung). Samenblaseninfiltration, lymphovaskuläre Invasion, intraduktales Karzinom, ASAP, High-grade-PIN und granulomatöse Prostatitis nicht nachgewiesen.</p>
</div></blockquote><p><b>hasMember</b>: </p><ul><li><a href="Observation-CoreNeedleBiopsyHistologicalTypeICDO3.html">Observation Histology and Behavior ICD-O-3 Cancer</a></li><li><a href="Observation-CoreNeedleBiopsyMorphologyFreeText.html">Observation Histology type in Cancer specimen Narrative</a></li><li><a href="Observation-CoreNeedleBiopsyICDOVersion.html">Observation World Health Organization tumor classification (observable entity)</a></li><li><a href="Observation-CoreNeedleBiopsyPrimaryGleasonPattern.html">Observation Gleason pattern.primary in Prostate tumor</a></li><li><a href="Observation-CoreNeedleBiopsySecondaryGleasonPattern.html">Observation Gleason pattern.secondary in Prostate tumor</a></li><li><a href="Observation-CoreNeedleBiopsyGleasonScoreTotal.html">Observation Gleason score in Specimen Qualitative</a></li><li><a href="Observation-CoreNeedleBiopsyPercentageGleason45.html">Observation Prostate tumor area with Gleason pattern 4+5/Total tumor area</a></li><li><a href="Observation-CoreNeedleBiopsyGradingGroupISUP.html">Observation Prostate cancer grade group [Score] in Prostate tumor Qualitative</a></li><li><a href="Observation-CoreNeedleBiopsyHistologicalGradeWHO.html">Observation Grade Cancer</a></li><li><a href="Observation-CoreNeedleBiopsyPositiveCoresRight.html">Observation Number of tissue cores positive for carcinoma where In = Structure of right lateral lobe of prostate</a></li><li><a href="Observation-CoreNeedleBiopsyPositiveCoresLeft.html">Observation Number of tissue cores positive for carcinoma where In = Structure of left lateral lobe of prostate</a></li><li><a href="Observation-CoreNeedleBiopsyRatioPositiveCores.html">Observation Ratio of blocks with prostate tumor to total number of blocks obtained (observable entity)</a></li><li><a href="Observation-CoreNeedleBiopsyPercentageTumorTotal.html">Observation Tissue cores.positive.carcinoma in Tissue core</a></li><li><a href="Observation-CoreNeedleBiopsyTumorLengthTotal.html">Observation Total linear mm of carcinoma</a></li><li><a href="Observation-CoreNeedleBiopsyPerineuralInfiltration.html">Observation Perineural invasion [Presence] in Cancer specimen</a></li><li><a href="Observation-CoreNeedleBiopsySeminalVesicleInvasion.html">Observation Seminal vesicle invasion [Identifier] in Specimen by CAP cancer protocols</a></li><li><a href="Observation-CoreNeedleBiopsyLymphovascularInvasion.html">Observation Venous + Lymphatic small vessel invasion in Specimen by CAP cancer protocols</a></li><li><a href="Observation-CoreNeedleBiopsyPeriprostataticFatInvasion.html">Observation Periprostatic fat invasion [Identifier] in Specimen by CAP cancer protocols</a></li><li><a href="Observation-CoreNeedleBiopsyExtraprostaticExtensionLocation.html">Observation Extraprostatic extension site [Anatomy] of Prostate tumor</a></li><li><a href="Observation-CoreNeedleBiopsyIntraductalCarcinoma.html">Observation Non-infiltrating intraductal carcinoma (morphologic abnormality)</a></li><li><a href="Observation-CoreNeedleBiopsyASAP.html">Observation Atypical small acinar proliferation of prostate (disorder)</a></li><li><a href="Observation-CoreNeedleBiopsyHighGradePIN.html">Observation High grade prostatic intraepithelial neoplasia</a></li><li><a href="Observation-CoreNeedleBiopsyGranulomatousProstatiti.html">Observation Granulomatous prostatitis</a></li></ul><p><b>derivedFrom</b>: </p><ul><li><a href="Observation-CoreNeedleBiopsyPrimaerGleason01.html">Observation Gleason pattern.primary in Prostate tumor</a></li><li><a href="Observation-CoreNeedleBiopsySekundaerGleason01.html">Observation Gleason pattern.secondary in Prostate tumor</a></li><li><a href="Observation-CoreNeedleBiopsyPrimaerGleason02.html">Observation Gleason pattern.primary in Prostate tumor</a></li><li><a href="Observation-CoreNeedleBiopsySekundaerGleason02.html">Observation Gleason pattern.secondary in Prostate tumor</a></li><li><a href="Observation-CoreNeedleBiopsyProzentGleason01.html">Observation Prostate tumor area with Gleason pattern 4+5/Total tumor area [Area Fraction] in Prostate tumor by Microscopy</a></li><li><a href="Observation-CoreNeedleBiopsyProzentGleason02.html">Observation Prostate tumor area with Gleason pattern 4+5/Total tumor area [Area Fraction] in Prostate tumor by Microscopy</a></li><li><a href="Observation-CoreNeedleBiopsyGleasonGrading01.html">Observation Histologic grade of primary malignant neoplasm of prostate by International Society of Urological Pathology technique (observable entity)</a></li><li><a href="Observation-CoreNeedleBiopsyGleasonGrading02.html">Observation Prostate cancer grade group [Score] in Prostate tumor Qualitative</a></li><li><a href="Observation-CoreNeedleBiopsyVerhaeltnisPositiverStanzen01.html">Observation Ratio of blocks with prostate tumor to total number of blocks obtained (observable entity)</a></li><li><a href="Observation-CoreNeedleBiopsyVerhaeltnisPositiverStanzen02.html">Observation Ratio of blocks with prostate tumor to total number of blocks obtained (observable entity)</a></li><li><a href="Observation-CoreNeedleBiopsyTumoranteil01.html">Observation Percentage of prostatic tissue, obtained by needle biopsy, involved by carcinoma (observable entity)</a></li><li><a href="Observation-CoreNeedleBiopsyTumoranteil02.html">Observation Percentage of prostatic tissue, obtained by needle biopsy, involved by carcinoma (observable entity)</a></li><li><a href="Observation-CoreNeedleBiopsyTumorbefallinLaenge01.html">Observation Total linear mm of carcinoma</a></li><li><a href="Observation-CoreNeedleBiopsyTumorbefallinLaenge02.html">Observation Total linear mm of carcinoma</a></li><li><a href="Observation-CoreNeedleBiopsyPerineuraleInfiltration01.html">Observation Perineural invasion [Presence] in Cancer specimen</a></li><li><a href="Observation-CoreNeedleBiopsyPerineuraleInfiltration02.html">Observation Perineural invasion [Presence] in Cancer specimen</a></li><li><a href="Observation-CoreNeedleBiopsyHighGradePIN01.html">Observation High grade prostatic intraepithelial neoplasia [Presence] in Specimen by Microscopy</a></li></ul></div>
  </text>
  <basedOn>
    <reference value="ServiceRequest/CoreNeedleBiopsyReportRequest"/>
  </basedOn>
  <status value="final"/>
  <category>
    <coding>
      <system value="http://terminology.hl7.org/CodeSystem/observation-category"/>
      <code value="laboratory"/>
    </coding>
  </category>
  <code>
    <coding>
      <system value="http://loinc.org"/>
      <code value="22637-3"/>
    </coding>
  </code>
  <subject>
    <reference value="Patient/Patient1"/>
  </subject>
  <effectiveDateTime value="2023-03-15"/>
  <performer>
    <reference value="Practitioner/PathologistPractitioner"/>
  </performer>
  <note>
    <authorReference>
      <reference value="Practitioner/PathologistPractitioner"/>
    </authorReference>
    <time value="2023-03-15"/>
    <text value="Zusammenfassung: Azinäres Adenokarzinom der Prostata (ICD-O 8140/3). Höchster Gleason-Score 4+5=9, ISUP-Gradgruppe 5 (WHO 2016). 7 von 12 Stanzen tumorbefallen (4 rechts: 01, 02, 04, 06; 3 links: 07, 09, 11), prozentualer Tumoranteil 51%, Tumorlänge gesamt 52,7 mm. Perineurale Infiltration nachgewiesen. Infiltration des periprostatischen Fettgewebes apikal nachgewiesen (Hinweis auf extraprostatische Ausbreitung). Samenblaseninfiltration, lymphovaskuläre Invasion, intraduktales Karzinom, ASAP, High-grade-PIN und granulomatöse Prostatitis nicht nachgewiesen."/>
  </note>
  <hasMember>
    <reference value="Observation/CoreNeedleBiopsyHistologicalTypeICDO3"/>
  </hasMember>
  <hasMember>
    <reference value="Observation/CoreNeedleBiopsyMorphologyFreeText"/>
  </hasMember>
  <hasMember>
    <reference value="Observation/CoreNeedleBiopsyICDOVersion"/>
  </hasMember>
  <hasMember>
    <reference value="Observation/CoreNeedleBiopsyPrimaryGleasonPattern"/>
  </hasMember>
  <hasMember>
    <reference value="Observation/CoreNeedleBiopsySecondaryGleasonPattern"/>
  </hasMember>
  <hasMember>
    <reference value="Observation/CoreNeedleBiopsyGleasonScoreTotal"/>
  </hasMember>
  <hasMember>
    <reference value="Observation/CoreNeedleBiopsyPercentageGleason45"/>
  </hasMember>
  <hasMember>
    <reference value="Observation/CoreNeedleBiopsyGradingGroupISUP"/>
  </hasMember>
  <hasMember>
    <reference value="Observation/CoreNeedleBiopsyHistologicalGradeWHO"/>
  </hasMember>
  <hasMember>
    <reference value="Observation/CoreNeedleBiopsyPositiveCoresRight"/>
  </hasMember>
  <hasMember>
    <reference value="Observation/CoreNeedleBiopsyPositiveCoresLeft"/>
  </hasMember>
  <hasMember>
    <reference value="Observation/CoreNeedleBiopsyRatioPositiveCores"/>
  </hasMember>
  <hasMember>
    <reference value="Observation/CoreNeedleBiopsyPercentageTumorTotal"/>
  </hasMember>
  <hasMember>
    <reference value="Observation/CoreNeedleBiopsyTumorLengthTotal"/>
  </hasMember>
  <hasMember>
    <reference value="Observation/CoreNeedleBiopsyPerineuralInfiltration"/>
  </hasMember>
  <hasMember>
    <reference value="Observation/CoreNeedleBiopsySeminalVesicleInvasion"/>
  </hasMember>
  <hasMember>
    <reference value="Observation/CoreNeedleBiopsyLymphovascularInvasion"/>
  </hasMember>
  <hasMember>
    <reference value="Observation/CoreNeedleBiopsyPeriprostataticFatInvasion"/>
  </hasMember>
  <hasMember>
    <reference value="Observation/CoreNeedleBiopsyExtraprostaticExtensionLocation"/>
  </hasMember>
  <hasMember>
    <reference value="Observation/CoreNeedleBiopsyIntraductalCarcinoma"/>
  </hasMember>
  <hasMember>
    <reference value="Observation/CoreNeedleBiopsyASAP"/>
  </hasMember>
  <hasMember>
    <reference value="Observation/CoreNeedleBiopsyHighGradePIN"/>
  </hasMember>
  <hasMember>
    <reference value="Observation/CoreNeedleBiopsyGranulomatousProstatiti"/>
  </hasMember>
  <derivedFrom>
    <reference value="Observation/CoreNeedleBiopsyPrimaerGleason01"/>
  </derivedFrom>
  <derivedFrom>
    <reference value="Observation/CoreNeedleBiopsySekundaerGleason01"/>
  </derivedFrom>
  <derivedFrom>
    <reference value="Observation/CoreNeedleBiopsyPrimaerGleason02"/>
  </derivedFrom>
  <derivedFrom>
    <reference value="Observation/CoreNeedleBiopsySekundaerGleason02"/>
  </derivedFrom>
  <derivedFrom>
    <reference value="Observation/CoreNeedleBiopsyProzentGleason01"/>
  </derivedFrom>
  <derivedFrom>
    <reference value="Observation/CoreNeedleBiopsyProzentGleason02"/>
  </derivedFrom>
  <derivedFrom>
    <reference value="Observation/CoreNeedleBiopsyGleasonGrading01"/>
  </derivedFrom>
  <derivedFrom>
    <reference value="Observation/CoreNeedleBiopsyGleasonGrading02"/>
  </derivedFrom>
  <derivedFrom>
    <reference value="Observation/CoreNeedleBiopsyVerhaeltnisPositiverStanzen01"/>
  </derivedFrom>
  <derivedFrom>
    <reference value="Observation/CoreNeedleBiopsyVerhaeltnisPositiverStanzen02"/>
  </derivedFrom>
  <derivedFrom>
    <reference value="Observation/CoreNeedleBiopsyTumoranteil01"/>
  </derivedFrom>
  <derivedFrom>
    <reference value="Observation/CoreNeedleBiopsyTumoranteil02"/>
  </derivedFrom>
  <derivedFrom>
    <reference value="Observation/CoreNeedleBiopsyTumorbefallinLaenge01"/>
  </derivedFrom>
  <derivedFrom>
    <reference value="Observation/CoreNeedleBiopsyTumorbefallinLaenge02"/>
  </derivedFrom>
  <derivedFrom>
    <reference value="Observation/CoreNeedleBiopsyPerineuraleInfiltration01"/>
  </derivedFrom>
  <derivedFrom>
    <reference value="Observation/CoreNeedleBiopsyPerineuraleInfiltration02"/>
  </derivedFrom>
  <derivedFrom>
    <reference value="Observation/CoreNeedleBiopsyHighGradePIN01"/>
  </derivedFrom>
</Observation>