<?xml version="1.0" encoding="UTF-8"?>

<Observation xmlns="http://hl7.org/fhir">
  <id value="CoreNeedleBiopsyHistoTyp06"/>
  <meta>
    <profile value="https://www.medizininformatik-initiative.de/fhir/ext/modul-patho/StructureDefinition/mii-pr-patho-finding|2026.0.0"/>
  </meta>
  <text>
    <status value="generated"/><div xmlns="http://www.w3.org/1999/xhtml"><p class="res-header-id"><b>Generated Narrative: Observation CoreNeedleBiopsyHistoTyp06</b></p><a name="CoreNeedleBiopsyHistoTyp06"> </a><a name="hcCoreNeedleBiopsyHistoTyp06"> </a><div style="display: inline-block; background-color: #d9e0e7; padding: 6px; margin: 4px; border: 1px solid #8da1b4; border-radius: 5px; line-height: 60%"><p style="margin-bottom: 0px"/><p style="margin-bottom: 0px">Profile: <a href="https://simplifier.net/resolve?scope=de.medizininformatikinitiative.kerndatensatz.patho@2026.0.0&amp;canonical=https://www.medizininformatik-initiative.de/fhir/ext/modul-patho/StructureDefinition/mii-pr-patho-finding">MII PR Patho Findingversion: null2026.0.0)</a></p></div><p><b>status</b>: Final</p><p><b>category</b>: <span title="Codes:{http://terminology.hl7.org/CodeSystem/observation-category laboratory}">Laboratory</span>, <span title="Codes:{http://loinc.org 22635-7}">Pathology report microscopic observation Narrative Other stain</span></p><p><b>code</b>: <span title="Codes:{http://loinc.org 59847-4}">Histology and Behavior ICD-O-3 Cancer</span></p><p><b>subject</b>: <a href="Patient-Patient1.html">Hans Mueller  Male, DoB: 1955-08-15 ( http://example.hospital.de/patient-ids#PAT-2024-001)</a></p><p><b>effective</b>: 2024-01-17 10:00:00+0100</p><p><b>performer</b>: <a href="Practitioner-PathologistPractitioner.html">Practitioner Maria Schneider </a></p><p><b>value</b>: <span title="Codes:{urn:oid:2.16.840.1.113883.6.43.1 8140/3}">Azinäres Adenokarzinom</span></p><p><b>bodySite</b>: <span title="Codes:{http://snomed.info/sct 716907005}">Structure of apex part of peripheral zone of left half prostate (body structure)</span></p><p><b>specimen</b>: <a href="Specimen-CoreNeedleBiopsySpecimen06Slide.html">Specimen: identifier = https://pathologie.example-hospital.de/fhir/fn/befundbericht#E2024_001-06-HE-1; accessionIdentifier = https://pathologie.example-hospital.de/fhir/fn/befundbericht#E2024_001; status = available; type = Histopathology slide (physical object)</a></p></div>
  </text>
  <status value="final"/>
  <category>
    <coding>
      <system value="http://terminology.hl7.org/CodeSystem/observation-category"/>
      <code value="laboratory"/>
    </coding>
  </category>
  <category>
    <coding>
      <system value="http://loinc.org"/>
      <code value="22635-7"/>
    </coding>
  </category>
  <code>
    <coding>
      <system value="http://loinc.org"/>
      <code value="59847-4"/>
      <display value="Histology and Behavior ICD-O-3 Cancer"/>
    </coding>
  </code>
  <subject>
    <reference value="Patient/Patient1"/>
  </subject>
  <effectiveDateTime value="2024-01-17T10:00:00+01:00"/>
  <performer>
    <reference value="Practitioner/PathologistPractitioner"/>
  </performer>
  <valueCodeableConcept>
    <coding>
      <system value="urn:oid:2.16.840.1.113883.6.43.1"/>
      <code value="8140/3"/>
      <display value="Azinäres Adenokarzinom"/>
    </coding>
  </valueCodeableConcept>
  <bodySite>
    <coding>
      <system value="http://snomed.info/sct"/>
      <code value="716907005"/>
      <display value="Structure of apex part of peripheral zone of left half prostate (body structure)"/>
    </coding>
  </bodySite>
  <specimen>
    <reference value="Specimen/CoreNeedleBiopsySpecimen06Slide"/>
  </specimen>
</Observation>