<?xml version="1.0" encoding="UTF-8"?>

<Observation xmlns="http://hl7.org/fhir">
  <id value="CoreNeedleBiopsyClinicalNStaging"/>
  <meta>
    <profile value="https://www.medizininformatik-initiative.de/fhir/ext/modul-onko/StructureDefinition/mii-pr-onko-tnm-n-kategorie"/>
  </meta>
  <text>
    <status value="generated"/><div xmlns="http://www.w3.org/1999/xhtml"><p class="res-header-id"><b>Generated Narrative: Observation CoreNeedleBiopsyClinicalNStaging</b></p><a name="CoreNeedleBiopsyClinicalNStaging"> </a><a name="hcCoreNeedleBiopsyClinicalNStaging"> </a><div style="display: inline-block; background-color: #d9e0e7; padding: 6px; margin: 4px; border: 1px solid #8da1b4; border-radius: 5px; line-height: 60%"><p style="margin-bottom: 0px"/><p style="margin-bottom: 0px">Profile: <a href="https://simplifier.net/resolve?scope=de.medizininformatikinitiative.kerndatensatz.onkologie@2026.0.0&amp;canonical=https://www.medizininformatik-initiative.de/fhir/ext/modul-onko/StructureDefinition/mii-pr-onko-tnm-n-kategorie">MII PR Onkologie TNM N-Kategorie</a></p></div><p><b>status</b>: Final</p><p><b>code</b>: <span title="Codes:{http://loinc.org 21906-3}">Regional lymph nodes.clinical [Class] Cancer</span></p><p><b>subject</b>: <a href="Patient-Patient1.html">Hans Mueller  Male, DoB: 1955-08-15 ( http://example.hospital.de/patient-ids#PAT-2024-001)</a></p><p><b>effective</b>: 2024-01-22 10:00:00+0100</p><p><b>value</b>: <span title="Codes:{http://snomed.info/sct 1229901006}">N0 category</span></p><p><b>note</b>: </p><blockquote><div><p>Keine regionalen Lymphknotenmetastasen nachweisbar</p>
</div></blockquote></div>
  </text>
  <status value="final"/>
  <code>
    <coding>
      <system value="http://loinc.org"/>
      <code value="21906-3"/>
      <display value="Regional lymph nodes.clinical [Class] Cancer"/>
    </coding>
  </code>
  <subject>
    <reference value="Patient/Patient1"/>
  </subject>
  <effectiveDateTime value="2024-01-22T10:00:00+01:00"/>
  <valueCodeableConcept>
    <coding>
      <system value="http://snomed.info/sct"/>
      <code value="1229901006"/>
      <display value="N0 category"/>
    </coding>
  </valueCodeableConcept>
  <note>
    <text value="Keine regionalen Lymphknotenmetastasen nachweisbar"/>
  </note>
</Observation>