<?xml version="1.0" encoding="UTF-8"?>

<Observation xmlns="http://hl7.org/fhir">
  <id value="TransurethralEnucleationMacroscopicGrouper"/>
  <meta>
    <profile value="https://www.medizininformatik-initiative.de/fhir/ext/modul-patho/StructureDefinition/mii-pr-patho-macroscopic-grouper|2026.0.0"/>
  </meta>
  <text>
    <status value="generated"/><div xmlns="http://www.w3.org/1999/xhtml"><p class="res-header-id"><b>Generated Narrative: Observation TransurethralEnucleationMacroscopicGrouper</b></p><a name="TransurethralEnucleationMacroscopicGrouper"> </a><a name="hcTransurethralEnucleationMacroscopicGrouper"> </a><div style="display: inline-block; background-color: #d9e0e7; padding: 6px; margin: 4px; border: 1px solid #8da1b4; border-radius: 5px; line-height: 60%"><p style="margin-bottom: 0px"/><p style="margin-bottom: 0px">Profile: <a href="https://simplifier.net/resolve?scope=de.medizininformatikinitiative.kerndatensatz.patho@2026.0.0&amp;canonical=https://www.medizininformatik-initiative.de/fhir/ext/modul-patho/StructureDefinition/mii-pr-patho-macroscopic-grouper">MII PR Patho Macroscopic Grouperversion: null2026.0.0)</a></p></div><p><b>status</b>: Final</p><p><b>category</b>: <span title="Codes:{http://terminology.hl7.org/CodeSystem/observation-category laboratory}">Laboratory</span></p><p><b>code</b>: <span title="Codes:{http://loinc.org 22634-0}">Pathology report gross observation Narrative</span></p><p><b>subject</b>: <a href="Patient-Patient2.html">Peter Schmidt  Male, DoB: 1960-03-22 ( http://example.hospital.de/patient-ids#PAT-2024-002)</a></p><p><b>effective</b>: 2024-04-11 14:00:00+0100</p><p><b>performer</b>: <a href="Practitioner-PathologistPractitioner.html">Practitioner Maria Schneider </a></p><p><b>value</b>: Makroskopische Messungen des Prostata Enucleation Präparats</p><p><b>note</b>: </p><blockquote><div><p>Makroskopische Aufarbeitung des Prostata Enucleation Präparats: Gewicht 25g, Länge 3.5cm, Breite 2.8cm, Tiefe 2.2cm. Keine Samenblasen im Resektat. Keine Lymphknoten im Resektat.</p>
</div></blockquote><p><b>bodySite</b>: <span title="Codes:{http://snomed.info/sct 41216001}">Prostatic structure (body structure)</span></p><p><b>hasMember</b>: </p><ul><li><a href="Observation-TransurethralEnucleationMacroscopicWeight.html">Observation Specimen weight (observable entity)</a></li><li><a href="Observation-TransurethralEnucleationMacroscopicLength.html">Observation Dimension [Length] of Specimen</a></li><li><a href="Observation-TransurethralEnucleationMacroscopicWidth.html">Observation Dimension [Length] of Specimen</a></li><li><a href="Observation-TransurethralEnucleationMacroscopicDepth.html">Observation Prostate size</a></li><li><a href="Observation-TransurethralEnucleationMacroscopicSeminalVesicles.html">Observation Tumor finding</a></li><li><a href="Observation-TransurethralEnucleationMacroscopicLymphNodeDissection.html">Observation Tumor finding</a></li></ul></div>
  </text>
  <status value="final"/>
  <category>
    <coding>
      <system value="http://terminology.hl7.org/CodeSystem/observation-category"/>
      <code value="laboratory"/>
    </coding>
  </category>
  <code>
    <coding>
      <system value="http://loinc.org"/>
      <code value="22634-0"/>
    </coding>
  </code>
  <subject>
    <reference value="Patient/Patient2"/>
  </subject>
  <effectiveDateTime value="2024-04-11T14:00:00+01:00"/>
  <performer>
    <reference value="Practitioner/PathologistPractitioner"/>
  </performer>
  <valueString value="Makroskopische Messungen des Prostata Enucleation Präparats"/>
  <note>
    <text value="Makroskopische Aufarbeitung des Prostata Enucleation Präparats: Gewicht 25g, Länge 3.5cm, Breite 2.8cm, Tiefe 2.2cm. Keine Samenblasen im Resektat. Keine Lymphknoten im Resektat."/>
  </note>
  <bodySite>
    <coding>
      <system value="http://snomed.info/sct"/>
      <code value="41216001"/>
      <display value="Prostatic structure (body structure)"/>
    </coding>
  </bodySite>
  <hasMember>
    <reference value="Observation/TransurethralEnucleationMacroscopicWeight"/>
  </hasMember>
  <hasMember>
    <reference value="Observation/TransurethralEnucleationMacroscopicLength"/>
  </hasMember>
  <hasMember>
    <reference value="Observation/TransurethralEnucleationMacroscopicWidth"/>
  </hasMember>
  <hasMember>
    <reference value="Observation/TransurethralEnucleationMacroscopicDepth"/>
  </hasMember>
  <hasMember>
    <reference value="Observation/TransurethralEnucleationMacroscopicSeminalVesicles"/>
  </hasMember>
  <hasMember>
    <reference value="Observation/TransurethralEnucleationMacroscopicLymphNodeDissection"/>
  </hasMember>
</Observation>