<?xml version="1.0" encoding="UTF-8"?>

<Observation xmlns="http://hl7.org/fhir">
  <id value="CoreNeedleBiopsySecondaryGleasonPattern"/>
  <meta>
    <profile value="https://www.medizininformatik-initiative.de/fhir/ext/modul-onko/StructureDefinition/mii-pr-onko-prostate-gleason-patterns"/>
    <profile value="https://www.medizininformatik-initiative.de/fhir/ext/modul-patho/StructureDefinition/mii-pr-patho-finding|2026.0.0"/>
  </meta>
  <text>
    <status value="generated"/><div xmlns="http://www.w3.org/1999/xhtml"><p class="res-header-id"><b>Generated Narrative: Observation CoreNeedleBiopsySecondaryGleasonPattern</b></p><a name="CoreNeedleBiopsySecondaryGleasonPattern"> </a><a name="hcCoreNeedleBiopsySecondaryGleasonPattern"> </a><div style="display: inline-block; background-color: #d9e0e7; padding: 6px; margin: 4px; border: 1px solid #8da1b4; border-radius: 5px; line-height: 60%"><p style="margin-bottom: 0px"/><p style="margin-bottom: 0px">Profiles: <a href="https://simplifier.net/resolve?scope=de.medizininformatikinitiative.kerndatensatz.onkologie@2026.0.0&amp;canonical=https://www.medizininformatik-initiative.de/fhir/ext/modul-onko/StructureDefinition/mii-pr-onko-prostate-gleason-patterns">MII PR Onkologie Prostata Gleason Primär</a>, <a href="https://simplifier.net/resolve?scope=de.medizininformatikinitiative.kerndatensatz.patho@2026.0.0&amp;canonical=https://www.medizininformatik-initiative.de/fhir/ext/modul-patho/StructureDefinition/mii-pr-patho-finding">MII PR Patho Findingversion: null2026.0.0)</a></p></div><p><b>basedOn</b>: <a href="ServiceRequest-CoreNeedleBiopsyReportRequest.html">ServiceRequest Prostate Pathology biopsy report</a></p><p><b>status</b>: Final</p><p><b>category</b>: <span title="Codes:{http://terminology.hl7.org/CodeSystem/observation-category laboratory}">Laboratory</span>, <span title="Codes:{http://loinc.org 22637-3}">Pathology report final diagnosis Narrative</span></p><p><b>code</b>: <span title="Codes:{http://loinc.org 44642-7}, {http://snomed.info/sct 384995005}">Gleason pattern.secondary in Prostate tumor</span></p><p><b>subject</b>: <a href="Patient-Patient1.html">Hans Mueller  Male, DoB: 1955-08-15 ( http://example.hospital.de/patient-ids#PAT-2024-001)</a></p><p><b>effective</b>: 2023-03-15</p><p><b>performer</b>: <a href="Practitioner-PathologistPractitioner.html">Practitioner Maria Schneider </a></p><p><b>value</b>: <span title="Codes:{http://snomed.info/sct 369773008}">Gleason Pattern 4 (finding)</span></p><p><b>derivedFrom</b>: </p><ul><li><a href="Observation-CoreNeedleBiopsySekundaerGleason01.html">Observation Gleason pattern.secondary in Prostate tumor</a></li><li><a href="Observation-CoreNeedleBiopsySekundaerGleason02.html">Observation Gleason pattern.secondary in Prostate tumor</a></li><li><a href="Observation-CoreNeedleBiopsySekundaerGleason04.html">Observation Gleason pattern.secondary in Prostate tumor</a></li><li><a href="Observation-CoreNeedleBiopsySekundaerGleason06.html">Observation Gleason pattern.secondary in Prostate tumor</a></li><li><a href="Observation-CoreNeedleBiopsySekundaerGleason07.html">Observation Gleason pattern.secondary in Prostate tumor</a></li><li><a href="Observation-CoreNeedleBiopsySekundaerGleason09.html">Observation Gleason pattern.secondary in Prostate tumor</a></li><li><a href="Observation-CoreNeedleBiopsySekundaerGleason11.html">Observation Gleason pattern.secondary in Prostate tumor</a></li></ul></div>
  </text>
  <basedOn>
    <reference value="ServiceRequest/CoreNeedleBiopsyReportRequest"/>
  </basedOn>
  <status value="final"/>
  <category>
    <coding>
      <system value="http://terminology.hl7.org/CodeSystem/observation-category"/>
      <code value="laboratory"/>
    </coding>
  </category>
  <category>
    <coding>
      <system value="http://loinc.org"/>
      <code value="22637-3"/>
    </coding>
  </category>
  <code>
    <coding>
      <system value="http://loinc.org"/>
      <code value="44642-7"/>
      <display value="Gleason pattern.secondary in Prostate tumor"/>
    </coding>
    <coding>
      <system value="http://snomed.info/sct"/>
      <code value="384995005"/>
      <display value="Secondary Gleason pattern (observable entity)"/>
    </coding>
  </code>
  <subject>
    <reference value="Patient/Patient1"/>
  </subject>
  <effectiveDateTime value="2023-03-15"/>
  <performer>
    <reference value="Practitioner/PathologistPractitioner"/>
  </performer>
  <valueCodeableConcept>
    <coding>
      <system value="http://snomed.info/sct"/>
      <code value="369773008"/>
      <display value="Gleason Pattern 4 (finding)"/>
    </coding>
  </valueCodeableConcept>
  <derivedFrom>
    <reference value="Observation/CoreNeedleBiopsySekundaerGleason01"/>
  </derivedFrom>
  <derivedFrom>
    <reference value="Observation/CoreNeedleBiopsySekundaerGleason02"/>
  </derivedFrom>
  <derivedFrom>
    <reference value="Observation/CoreNeedleBiopsySekundaerGleason04"/>
  </derivedFrom>
  <derivedFrom>
    <reference value="Observation/CoreNeedleBiopsySekundaerGleason06"/>
  </derivedFrom>
  <derivedFrom>
    <reference value="Observation/CoreNeedleBiopsySekundaerGleason07"/>
  </derivedFrom>
  <derivedFrom>
    <reference value="Observation/CoreNeedleBiopsySekundaerGleason09"/>
  </derivedFrom>
  <derivedFrom>
    <reference value="Observation/CoreNeedleBiopsySekundaerGleason11"/>
  </derivedFrom>
</Observation>