<?xml version="1.0" encoding="UTF-8"?>

<Procedure xmlns="http://hl7.org/fhir">
  <id value="TransurethralResectionProcedure"/>
  <meta>
    <profile value="https://www.medizininformatik-initiative.de/fhir/core/modul-prozedur/StructureDefinition/Procedure|2026.0.0"/>
  </meta>
  <text>
    <status value="generated"/><div xmlns="http://www.w3.org/1999/xhtml"><p class="res-header-id"><b>Generated Narrative: Procedure TransurethralResectionProcedure</b></p><a name="TransurethralResectionProcedure"> </a><a name="hcTransurethralResectionProcedure"> </a><div style="display: inline-block; background-color: #d9e0e7; padding: 6px; margin: 4px; border: 1px solid #8da1b4; border-radius: 5px; line-height: 60%"><p style="margin-bottom: 0px"/><p style="margin-bottom: 0px">Profile: <a href="https://simplifier.net/resolve?scope=de.medizininformatikinitiative.kerndatensatz.molgen@2026.0.4&amp;canonical=https://www.medizininformatik-initiative.de/fhir/core/modul-prozedur/StructureDefinition/Procedure">MII PR Prozedur Procedureversion: null2026.0.0)</a></p></div><p><b>status</b>: Completed</p><p><b>category</b>: <span title="Codes:{http://snomed.info/sct 387713003}">Surgical procedure (procedure)</span></p><p><b>code</b>: <span title="Codes:{http://fhir.de/CodeSystem/bfarm/ops 5-601}, {http://snomed.info/sct 176258007}">Transurethrale Exzision und Destruktion von Prostatagewebe</span></p><p><b>subject</b>: <a href="Patient-Patient1.html">Hans Mueller  Male, DoB: 1955-08-15 ( http://example.hospital.de/patient-ids#PAT-2024-001)</a></p><p><b>performed</b>: 2024-04-10 10:30:00+0100</p><p><b>note</b>: </p><blockquote><div><p>Transurethrale Resektion der Prostata zur Behandlung der symptomatischen BPH. Intraoperativ komplikationsloser Verlauf. Histopathologisch Nachweis eines Adenokarzinoms (Gleason 4+5=9) mit extensiver Tumorinfiltration, extraprostatischer Extension und Samenblaseninvasion.</p>
</div></blockquote></div>
  </text>
  <status value="completed"/>
  <category>
    <coding>
      <system value="http://snomed.info/sct"/>
      <code value="387713003"/>
      <display value="Surgical procedure (procedure)"/>
    </coding>
  </category>
  <code>
    <coding>
      <system value="http://fhir.de/CodeSystem/bfarm/ops"/>
      <version value="2020"/>
      <code value="5-601"/>
      <display value="Transurethrale Exzision und Destruktion von Prostatagewebe"/>
    </coding>
    <coding>
      <system value="http://snomed.info/sct"/>
      <code value="176258007"/>
      <display value="Transurethral resection of prostate (procedure)"/>
    </coding>
  </code>
  <subject>
    <reference value="Patient/Patient1"/>
  </subject>
  <performedDateTime value="2024-04-10T10:30:00+01:00"/>
  <note>
    <text value="Transurethrale Resektion der Prostata zur Behandlung der symptomatischen BPH. Intraoperativ komplikationsloser Verlauf. Histopathologisch Nachweis eines Adenokarzinoms (Gleason 4+5=9) mit extensiver Tumorinfiltration, extraprostatischer Extension und Samenblaseninvasion."/>
  </note>
</Procedure>