<?xml version="1.0" encoding="UTF-8"?>

<ServiceRequest xmlns="http://hl7.org/fhir">
  <id value="TransurethralEnucleationServiceRequest"/>
  <meta>
    <profile value="https://www.medizininformatik-initiative.de/fhir/ext/modul-patho/StructureDefinition/mii-pr-patho-service-request|2026.0.0"/>
  </meta>
  <text>
    <status value="generated"/><div xmlns="http://www.w3.org/1999/xhtml"><p class="res-header-id"><b>Generated Narrative: ServiceRequest TransurethralEnucleationServiceRequest</b></p><a name="TransurethralEnucleationServiceRequest"> </a><a name="hcTransurethralEnucleationServiceRequest"> </a><div style="display: inline-block; background-color: #d9e0e7; padding: 6px; margin: 4px; border: 1px solid #8da1b4; border-radius: 5px; line-height: 60%"><p style="margin-bottom: 0px"/><p style="margin-bottom: 0px">Profile: <a href="https://simplifier.net/resolve?scope=de.medizininformatikinitiative.kerndatensatz.patho@2026.0.0&amp;canonical=https://www.medizininformatik-initiative.de/fhir/ext/modul-patho/StructureDefinition/mii-pr-patho-service-request">MII PR Patho Service Requestversion: null2026.0.0)</a></p></div><p><b>identifier</b>: Placer ID/PATH-RPT-2024-004</p><p><b>status</b>: Completed</p><p><b>intent</b>: Order</p><p><b>category</b>: <span title="Codes:{http://snomed.info/sct 726007}">Pathology consultation, comprehensive, records and specimen with report (procedure)</span></p><p><b>code</b>: <span title="Codes:{http://snomed.info/sct 236205008}">Simple prostatectomy (procedure)</span></p><p><b>subject</b>: <a href="Patient-Patient2.html">Peter Schmidt  Male, DoB: 1960-03-22 ( http://example.hospital.de/patient-ids#PAT-2024-002)</a></p><p><b>encounter</b>: <a href="Encounter-TransurethralEnucleationEncounter.html">Encounter: identifier = http://example.hospital.de/encounters#PSA-ENUC-2024; status = finished; class = IMP (IMP)</a></p><p><b>requester</b>: <a href="Practitioner-UrologistPractitioner.html">Practitioner Andreas Weber </a></p><p><b>performer</b>: <a href="Practitioner-PathologistPractitioner.html">Practitioner Maria Schneider </a></p><p><b>reasonCode</b>: <span title="Codes:{http://snomed.info/sct 266569009}">Benign prostatic hyperplasia</span></p><p><b>supportingInfo</b>: </p><ul><li><a href="Observation-TransurethralEnucleationPSAPre.html">Observation Prostate specific antigen [Mass/volume] in Serum or Plasma</a></li><li><a href="Procedure-TransurethralEnucleationProcedure.html">Procedure Enukleation der Prostata</a></li><li><a href="Condition-TransurethralEnucleationDiagnosisBPH.html">Condition Prostatahyperplasie ohne Beschwerden beim Wasserlassen</a></li></ul><p><b>specimen</b>: <a href="Specimen-TransurethralEnucleationSpecimenPart.html">Specimen: identifier = Placer Identifier,Filler Identifier; accessionIdentifier = https://pathologie.example-hospital.de/fhir/fn/befundbericht#E2024_004; status = available; type = Surgical specimen</a></p></div>
  </text>
  <identifier>
    <type>
      <coding>
        <system value="http://terminology.hl7.org/CodeSystem/v2-0203"/>
        <code value="PLAC"/>
        <display value="Placer ID"/>
      </coding>
    </type>
    <system value="http://example.hospital.de/serviceRequest"/>
    <value value="PATH-RPT-2024-004"/>
  </identifier>
  <status value="completed"/>
  <intent value="order"/>
  <category>
    <coding>
      <system value="http://snomed.info/sct"/>
      <code value="726007"/>
      <display value="Pathology consultation, comprehensive, records and specimen with report (procedure)"/>
    </coding>
  </category>
  <code>
    <coding>
      <system value="http://snomed.info/sct"/>
      <code value="236205008"/>
      <display value="Simple prostatectomy (procedure)"/>
    </coding>
  </code>
  <subject>
    <reference value="Patient/Patient2"/>
  </subject>
  <encounter>
    <reference value="Encounter/TransurethralEnucleationEncounter"/>
  </encounter>
  <requester>
    <reference value="Practitioner/UrologistPractitioner"/>
  </requester>
  <performer>
    <reference value="Practitioner/PathologistPractitioner"/>
  </performer>
  <reasonCode>
    <coding>
      <system value="http://snomed.info/sct"/>
      <code value="266569009"/>
      <display value="Benign prostatic hyperplasia"/>
    </coding>
  </reasonCode>
  <supportingInfo>
    <reference value="Observation/TransurethralEnucleationPSAPre"/>
  </supportingInfo>
  <supportingInfo>
    <reference value="Procedure/TransurethralEnucleationProcedure"/>
  </supportingInfo>
  <supportingInfo>
    <reference value="Condition/TransurethralEnucleationDiagnosisBPH"/>
  </supportingInfo>
  <specimen>
    <reference value="Specimen/TransurethralEnucleationSpecimenPart"/>
  </specimen>
</ServiceRequest>