<?xml version="1.0" encoding="UTF-8"?>

<Specimen xmlns="http://hl7.org/fhir">
  <id value="TransurethralResectionSpecimenSlide05B"/>
  <meta>
    <profile value="https://www.medizininformatik-initiative.de/fhir/ext/modul-patho/StructureDefinition/mii-pr-patho-specimen|2026.0.0"/>
    <profile value="https://www.medizininformatik-initiative.de/fhir/ext/modul-biobank/StructureDefinition/SpecimenCore|2026.0.0"/>
  </meta>
  <text>
    <status value="generated"/><div xmlns="http://www.w3.org/1999/xhtml"><p class="res-header-id"><b>Generated Narrative: Specimen TransurethralResectionSpecimenSlide05B</b></p><a name="TransurethralResectionSpecimenSlide05B"> </a><a name="hcTransurethralResectionSpecimenSlide05B"> </a><div style="display: inline-block; background-color: #d9e0e7; padding: 6px; margin: 4px; border: 1px solid #8da1b4; border-radius: 5px; line-height: 60%"><p style="margin-bottom: 0px"/><p style="margin-bottom: 0px">Profiles: <a href="https://simplifier.net/resolve?scope=de.medizininformatikinitiative.kerndatensatz.patho@2026.0.0&amp;canonical=https://www.medizininformatik-initiative.de/fhir/ext/modul-patho/StructureDefinition/mii-pr-patho-specimen">MII PR Patho Specimenversion: null2026.0.0)</a>, <a href="https://simplifier.net/resolve?scope=de.medizininformatikinitiative.kerndatensatz.onkologie@2026.0.0&amp;canonical=https://www.medizininformatik-initiative.de/fhir/ext/modul-biobank/StructureDefinition/SpecimenCore">MII PR Biobank Specimen Bioprobe Coreversion: null2026.0.0)</a></p></div><p><b>identifier</b>: <code>https://pathologie.example-hospital.de/fhir/fn/befundbericht</code>/E2024_003-HE-05B</p><p><b>accessionIdentifier</b>: <code>https://pathologie.example-hospital.de/fhir/fn/befundbericht</code>/E2024_003</p><p><b>status</b>: Available</p><p><b>type</b>: <span title="Codes:{http://snomed.info/sct 430685002}">Histopathology slide (physical object)</span></p><p><b>subject</b>: <a href="Patient-Patient1.html">Hans Mueller  Male, DoB: 1955-08-15 ( http://example.hospital.de/patient-ids#PAT-2024-001)</a></p><p><b>parent</b>: <a href="Specimen-TransurethralResectionSpecimenBlock05.html">Specimen: identifier = https://pathologie.example-hospital.de/fhir/fn/befundbericht#E2024_003-Block-05; accessionIdentifier = https://pathologie.example-hospital.de/fhir/fn/befundbericht#E2024_003; status = available; type = Paraffin block (physical object)</a></p><h3>Collections</h3><table class="grid"><tr><td style="display: none">-</td><td><b>Collected[x]</b></td><td><b>Method</b></td></tr><tr><td style="display: none">*</td><td>2024-04-12 08:45:00+0100</td><td><span title="Codes:{http://snomed.info/sct 127790008}">Hematoxylin and eosin staining method (procedure)</span></td></tr></table><h3>Processings</h3><table class="grid"><tr><td style="display: none">-</td><td><b>Extension</b></td><td><b>Description</b></td><td><b>Procedure</b></td><td><b>Time[x]</b></td></tr><tr><td style="display: none">*</td><td/><td>HE-Färbung</td><td><span title="Codes:{http://snomed.info/sct 127790008}">Hematoxylin and eosin staining method (procedure)</span></td><td>2024-04-12 09:45:00+0100</td></tr></table></div>
  </text>
  <identifier>
    <system value="https://pathologie.example-hospital.de/fhir/fn/befundbericht"/>
    <value value="E2024_003-HE-05B"/>
  </identifier>
  <accessionIdentifier>
    <system value="https://pathologie.example-hospital.de/fhir/fn/befundbericht"/>
    <value value="E2024_003"/>
  </accessionIdentifier>
  <status value="available"/>
  <type>
    <coding>
      <system value="http://snomed.info/sct"/>
      <code value="430685002"/>
      <display value="Histopathology slide (physical object)"/>
    </coding>
  </type>
  <subject>
    <reference value="Patient/Patient1"/>
  </subject>
  <parent>
    <reference value="Specimen/TransurethralResectionSpecimenBlock05"/>
  </parent>
  <collection>
    <collectedDateTime value="2024-04-12T08:45:00+01:00"/>
    <method>
      <coding>
        <system value="http://snomed.info/sct"/>
        <code value="127790008"/>
        <display value="Hematoxylin and eosin staining method (procedure)"/>
      </coding>
    </method>
  </collection>
  <processing>
    <extension url="https://www.medizininformatik-initiative.de/fhir/ext/modul-biobank/StructureDefinition/Temperaturbedingungen">
      <valueRange>
        <low>
          <value value="2"/>
          <unit value="°C"/>
          <system value="http://unitsofmeasure.org"/>
          <code value="Cel"/>
        </low>
        <high>
          <value value="8"/>
          <unit value="°C"/>
          <system value="http://unitsofmeasure.org"/>
          <code value="Cel"/>
        </high>
      </valueRange>
    </extension>
    <description value="HE-Färbung"/>
    <procedure>
      <coding>
        <system value="http://snomed.info/sct"/>
        <code value="127790008"/>
        <display value="Hematoxylin and eosin staining method (procedure)"/>
      </coding>
    </procedure>
    <timeDateTime value="2024-04-12T09:45:00+01:00"/>
  </processing>
</Specimen>