<?xml version="1.0" encoding="UTF-8"?>

<Specimen xmlns="http://hl7.org/fhir">
  <id value="CoreNeedleBiopsySpecimen05Block"/>
  <meta>
    <profile value="https://www.medizininformatik-initiative.de/fhir/ext/modul-patho/StructureDefinition/mii-pr-patho-specimen|2026.0.0"/>
    <profile value="https://www.medizininformatik-initiative.de/fhir/ext/modul-biobank/StructureDefinition/SpecimenCore|2026.0.0"/>
  </meta>
  <text>
    <status value="generated"/><div xmlns="http://www.w3.org/1999/xhtml"><p class="res-header-id"><b>Generated Narrative: Specimen CoreNeedleBiopsySpecimen05Block</b></p><a name="CoreNeedleBiopsySpecimen05Block"> </a><a name="hcCoreNeedleBiopsySpecimen05Block"> </a><div style="display: inline-block; background-color: #d9e0e7; padding: 6px; margin: 4px; border: 1px solid #8da1b4; border-radius: 5px; line-height: 60%"><p style="margin-bottom: 0px"/><p style="margin-bottom: 0px">Profiles: <a href="https://simplifier.net/resolve?scope=de.medizininformatikinitiative.kerndatensatz.patho@2026.0.0&amp;canonical=https://www.medizininformatik-initiative.de/fhir/ext/modul-patho/StructureDefinition/mii-pr-patho-specimen">MII PR Patho Specimenversion: null2026.0.0)</a>, <a href="https://simplifier.net/resolve?scope=de.medizininformatikinitiative.kerndatensatz.onkologie@2026.0.0&amp;canonical=https://www.medizininformatik-initiative.de/fhir/ext/modul-biobank/StructureDefinition/SpecimenCore">MII PR Biobank Specimen Bioprobe Coreversion: null2026.0.0)</a></p></div><p><b>identifier</b>: <code>https://pathologie.example-hospital.de/fhir/fn/befundbericht</code>/E_24_001_E_1</p><p><b>accessionIdentifier</b>: <code>https://pathologie.example-hospital.de/fhir/fn/befundbericht</code>/E_24_001</p><p><b>status</b>: Available</p><p><b>type</b>: <span title="Codes:{http://snomed.info/sct 1201985008}">Tissue block specimen (specimen)</span></p><p><b>subject</b>: <a href="Patient-Patient1.html">Hans Mueller  Male, DoB: 1955-08-15 ( http://example.hospital.de/patient-ids#PAT-2024-001)</a></p><p><b>parent</b>: <a href="Specimen-CoreNeedleBiopsySpecimen05Part.html">Specimen: extension = ; identifier = Placer Identifier,Filler Identifier; accessionIdentifier = https://pathologie.example-hospital.de/fhir/fn/befundbericht#E_24_001; status = available; type = Prostate tru-cut biopsy sample</a></p><h3>Collections</h3><table class="grid"><tr><td style="display: none">-</td><td><b>Collected[x]</b></td><td><b>Method</b></td></tr><tr><td style="display: none">*</td><td>2024-01-16 10:38:00+0100</td><td><span title="Codes:{http://snomed.info/sct 787377000}">Gross examination and sampling of tissue specimen (procedure)</span></td></tr></table><h3>Processings</h3><table class="grid"><tr><td style="display: none">-</td><td><b>Extension</b></td><td><b>Description</b></td><td><b>Procedure</b></td><td><b>Time[x]</b></td></tr><tr><td style="display: none">*</td><td/><td>Zuschnitt und Paraffineinbettung</td><td><span title="Codes:{http://snomed.info/sct 787376009}">Preparation of formalin fixed paraffin embedded tissue specimen (procedure)</span></td><td>2024-01-16 08:00:00+0100</td></tr></table><h3>Containers</h3><table class="grid"><tr><td style="display: none">-</td><td><b>Type</b></td><td><b>Additive[x]</b></td></tr><tr><td style="display: none">*</td><td><span title="Codes:{http://snomed.info/sct 1003707006}">Paraffin block (physical object)</span></td><td><span title="Codes:{http://snomed.info/sct 311731000}">Paraffin wax (substance)</span></td></tr></table></div>
  </text>
  <identifier>
    <system value="https://pathologie.example-hospital.de/fhir/fn/befundbericht"/>
    <value value="E_24_001_E_1"/>
  </identifier>
  <accessionIdentifier>
    <system value="https://pathologie.example-hospital.de/fhir/fn/befundbericht"/>
    <value value="E_24_001"/>
  </accessionIdentifier>
  <status value="available"/>
  <type>
    <coding>
      <system value="http://snomed.info/sct"/>
      <code value="1201985008"/>
      <display value="Tissue block specimen (specimen)"/>
    </coding>
  </type>
  <subject>
    <reference value="Patient/Patient1"/>
  </subject>
  <parent>
    <reference value="Specimen/CoreNeedleBiopsySpecimen05Part"/>
  </parent>
  <collection>
    <collectedDateTime value="2024-01-16T10:38:00+01:00"/>
    <method>
      <coding>
        <system value="http://snomed.info/sct"/>
        <code value="787377000"/>
        <display value="Gross examination and sampling of tissue specimen (procedure)"/>
      </coding>
    </method>
  </collection>
  <processing>
    <extension url="https://www.medizininformatik-initiative.de/fhir/ext/modul-biobank/StructureDefinition/Temperaturbedingungen">
      <valueRange>
        <low>
          <value value="2"/>
          <unit value="°C"/>
          <system value="http://unitsofmeasure.org"/>
          <code value="Cel"/>
        </low>
        <high>
          <value value="8"/>
          <unit value="°C"/>
          <system value="http://unitsofmeasure.org"/>
          <code value="Cel"/>
        </high>
      </valueRange>
    </extension>
    <description value="Zuschnitt und Paraffineinbettung"/>
    <procedure>
      <coding>
        <system value="http://snomed.info/sct"/>
        <code value="787376009"/>
        <display value="Preparation of formalin fixed paraffin embedded tissue specimen (procedure)"/>
      </coding>
    </procedure>
    <timeDateTime value="2024-01-16T08:00:00+01:00"/>
  </processing>
  <container>
    <type>
      <coding>
        <system value="http://snomed.info/sct"/>
        <code value="1003707006"/>
        <display value="Paraffin block (physical object)"/>
      </coding>
    </type>
    <additiveCodeableConcept>
      <coding>
        <system value="http://snomed.info/sct"/>
        <code value="311731000"/>
        <display value="Paraffin wax (substance)"/>
      </coding>
    </additiveCodeableConcept>
  </container>
</Specimen>