<?xml version="1.0" encoding="UTF-8"?>

<Specimen xmlns="http://hl7.org/fhir">
  <id value="CoreNeedleBiopsySpecimen02Part"/>
  <meta>
    <profile value="https://www.medizininformatik-initiative.de/fhir/ext/modul-patho/StructureDefinition/mii-pr-patho-specimen|2026.0.0"/>
    <profile value="https://www.medizininformatik-initiative.de/fhir/ext/modul-biobank/StructureDefinition/SpecimenCore|2026.0.0"/>
  </meta>
  <text>
    <status value="extensions"/><div xmlns="http://www.w3.org/1999/xhtml"><p class="res-header-id"><b>Generated Narrative: Specimen CoreNeedleBiopsySpecimen02Part</b></p><a name="CoreNeedleBiopsySpecimen02Part"> </a><a name="hcCoreNeedleBiopsySpecimen02Part"> </a><div style="display: inline-block; background-color: #d9e0e7; padding: 6px; margin: 4px; border: 1px solid #8da1b4; border-radius: 5px; line-height: 60%"><p style="margin-bottom: 0px"/><p style="margin-bottom: 0px">Profiles: <a href="https://simplifier.net/resolve?scope=de.medizininformatikinitiative.kerndatensatz.patho@2026.0.0&amp;canonical=https://www.medizininformatik-initiative.de/fhir/ext/modul-patho/StructureDefinition/mii-pr-patho-specimen">MII PR Patho Specimenversion: null2026.0.0)</a>, <a href="https://simplifier.net/resolve?scope=de.medizininformatikinitiative.kerndatensatz.onkologie@2026.0.0&amp;canonical=https://www.medizininformatik-initiative.de/fhir/ext/modul-biobank/StructureDefinition/SpecimenCore">MII PR Biobank Specimen Bioprobe Coreversion: null2026.0.0)</a></p></div><blockquote><p><b>MII EX Biobank Feature R5</b></p><ul><li>type: <span title="Codes:{http://snomed.info/sct 716917000}">Structure of lateral middle regional part of peripheral zone of right half prostate (body structure)</span></li><li>description: Markiert mit blauer Tinte</li></ul></blockquote><p><b>identifier</b>: Placer Identifier/BX24_001_02_A, Filler Identifier/E_24_001_B</p><p><b>accessionIdentifier</b>: <code>https://pathologie.example-hospital.de/fhir/fn/befundbericht</code>/E_24_001</p><p><b>status</b>: Available</p><p><b>type</b>: <span title="Codes:{http://snomed.info/sct 309134005}">Prostate tru-cut biopsy sample</span></p><p><b>subject</b>: <a href="Patient-Patient1.html">Hans Mueller  Male, DoB: 1955-08-15 ( http://example.hospital.de/patient-ids#PAT-2024-001)</a></p><p><b>request</b>: <a href="ServiceRequest-CoreNeedleBiopsyReportRequest.html">ServiceRequest Prostate Pathology biopsy report</a></p><h3>Collections</h3><table class="grid"><tr><td style="display: none">-</td><td><b>Collector</b></td><td><b>Collected[x]</b></td><td><b>Method</b></td><td><b>BodySite</b></td></tr><tr><td style="display: none">*</td><td><a href="Practitioner-UrologistPractitioner.html">Practitioner Andreas Weber </a></td><td>2024-01-15 10:32:00+0100</td><td><span title="Codes:{http://snomed.info/sct 301759007}">Tru-cut biopsy of prostate (procedure)</span></td><td><span title="Codes:{http://snomed.info/sct 716917000}">Structure of lateral middle regional part of peripheral zone of right half prostate (body structure)</span></td></tr></table><h3>Containers</h3><table class="grid"><tr><td style="display: none">-</td><td><b>Type</b></td><td><b>Additive[x]</b></td></tr><tr><td style="display: none">*</td><td><span title="Codes:{http://snomed.info/sct 434746001}">Specimen vial (physical object)</span></td><td><span title="Codes:{http://snomed.info/sct 434162003}">Neutral buffered formalin (substance)</span></td></tr></table></div>
  </text>
  <extension url="http://hl7.org/fhir/5.0/StructureDefinition/extension-Specimen.feature">
    <extension url="type">
      <valueCodeableConcept>
        <coding>
          <system value="http://snomed.info/sct"/>
          <code value="716917000"/>
          <display value="Structure of lateral middle regional part of peripheral zone of right half prostate (body structure)"/>
        </coding>
      </valueCodeableConcept>
    </extension>
    <extension url="description">
      <valueString value="Markiert mit blauer Tinte"/>
    </extension>
  </extension>
  <identifier>
    <type>
      <coding>
        <system value="http://terminology.hl7.org/CodeSystem/v2-0203"/>
        <code value="PLAC"/>
      </coding>
    </type>
    <system value="https://urologie.example-hospital.de/fhir/specimen/placer"/>
    <value value="BX24_001_02_A"/>
  </identifier>
  <identifier>
    <type>
      <coding>
        <system value="http://terminology.hl7.org/CodeSystem/v2-0203"/>
        <code value="FILL"/>
      </coding>
    </type>
    <system value="https://pathologie.example-hospital.de/fhir/fn/befundbericht"/>
    <value value="E_24_001_B"/>
  </identifier>
  <accessionIdentifier>
    <system value="https://pathologie.example-hospital.de/fhir/fn/befundbericht"/>
    <value value="E_24_001"/>
  </accessionIdentifier>
  <status value="available"/>
  <type>
    <coding>
      <system value="http://snomed.info/sct"/>
      <code value="309134005"/>
      <display value="Prostate tru-cut biopsy sample"/>
    </coding>
  </type>
  <subject>
    <reference value="Patient/Patient1"/>
  </subject>
  <request>
    <reference value="ServiceRequest/CoreNeedleBiopsyReportRequest"/>
  </request>
  <collection>
    <collector>
      <reference value="Practitioner/UrologistPractitioner"/>
    </collector>
    <collectedDateTime value="2024-01-15T10:32:00+01:00"/>
    <method>
      <coding>
        <system value="http://snomed.info/sct"/>
        <code value="301759007"/>
        <display value="Tru-cut biopsy of prostate (procedure)"/>
      </coding>
    </method>
    <bodySite>
      <coding>
        <system value="http://snomed.info/sct"/>
        <code value="716917000"/>
        <display value="Structure of lateral middle regional part of peripheral zone of right half prostate (body structure)"/>
      </coding>
    </bodySite>
  </collection>
  <container>
    <type>
      <coding>
        <system value="http://snomed.info/sct"/>
        <code value="434746001"/>
        <display value="Specimen vial (physical object)"/>
      </coding>
    </type>
    <additiveCodeableConcept>
      <coding>
        <system value="http://snomed.info/sct"/>
        <code value="434162003"/>
        <display value="Neutral buffered formalin (substance)"/>
      </coding>
    </additiveCodeableConcept>
  </container>
</Specimen>