<?xml version="1.0" encoding="UTF-8"?>

<Specimen xmlns="http://hl7.org/fhir">
  <id value="TransurethralEnucleationSpecimenPart"/>
  <meta>
    <profile value="https://www.medizininformatik-initiative.de/fhir/ext/modul-patho/StructureDefinition/mii-pr-patho-specimen|2026.0.0"/>
    <profile value="https://www.medizininformatik-initiative.de/fhir/ext/modul-biobank/StructureDefinition/SpecimenCore|2026.0.0"/>
  </meta>
  <text>
    <status value="generated"/><div xmlns="http://www.w3.org/1999/xhtml"><p class="res-header-id"><b>Generated Narrative: Specimen TransurethralEnucleationSpecimenPart</b></p><a name="TransurethralEnucleationSpecimenPart"> </a><a name="hcTransurethralEnucleationSpecimenPart"> </a><div style="display: inline-block; background-color: #d9e0e7; padding: 6px; margin: 4px; border: 1px solid #8da1b4; border-radius: 5px; line-height: 60%"><p style="margin-bottom: 0px"/><p style="margin-bottom: 0px">Profiles: <a href="https://simplifier.net/resolve?scope=de.medizininformatikinitiative.kerndatensatz.patho@2026.0.0&amp;canonical=https://www.medizininformatik-initiative.de/fhir/ext/modul-patho/StructureDefinition/mii-pr-patho-specimen">MII PR Patho Specimenversion: null2026.0.0)</a>, <a href="https://simplifier.net/resolve?scope=de.medizininformatikinitiative.kerndatensatz.onkologie@2026.0.0&amp;canonical=https://www.medizininformatik-initiative.de/fhir/ext/modul-biobank/StructureDefinition/SpecimenCore">MII PR Biobank Specimen Bioprobe Coreversion: null2026.0.0)</a></p></div><p><b>identifier</b>: Placer Identifier/ENUC24_001_A, Filler Identifier/E2024_004-A</p><p><b>accessionIdentifier</b>: <code>https://pathologie.example-hospital.de/fhir/fn/befundbericht</code>/E2024_004</p><p><b>status</b>: Available</p><p><b>type</b>: <span title="Codes:{http://snomed.info/sct 118292001}">Surgical specimen</span></p><p><b>subject</b>: <a href="Patient-Patient2.html">Peter Schmidt  Male, DoB: 1960-03-22 ( http://example.hospital.de/patient-ids#PAT-2024-002)</a></p><p><b>request</b>: <a href="ServiceRequest-TransurethralEnucleationServiceRequest.html">ServiceRequest Simple prostatectomy (procedure)</a></p><h3>Collections</h3><table class="grid"><tr><td style="display: none">-</td><td><b>Collector</b></td><td><b>Collected[x]</b></td><td><b>Method</b></td><td><b>BodySite</b></td></tr><tr><td style="display: none">*</td><td><a href="Practitioner-UrologistPractitioner.html">Practitioner Andreas Weber </a></td><td>2024-05-10 10:30:00+0100</td><td><span title="Codes:{http://snomed.info/sct 236205008}">Simple prostatectomy (procedure)</span></td><td><span title="Codes:{http://snomed.info/sct 41216001}">Prostate structure</span></td></tr></table><h3>Containers</h3><table class="grid"><tr><td style="display: none">-</td><td><b>Type</b></td></tr><tr><td style="display: none">*</td><td><span title="Codes:{http://snomed.info/sct 434746001}">Specimen vial (physical object)</span></td></tr></table></div>
  </text>
  <identifier>
    <type>
      <coding>
        <system value="http://terminology.hl7.org/CodeSystem/v2-0203"/>
        <code value="PLAC"/>
      </coding>
    </type>
    <system value="https://pathologie.example-hospital.de/fhir/fn/untersuchungsauftrag"/>
    <value value="ENUC24_001_A"/>
  </identifier>
  <identifier>
    <type>
      <coding>
        <system value="http://terminology.hl7.org/CodeSystem/v2-0203"/>
        <code value="FILL"/>
      </coding>
    </type>
    <system value="https://pathologie.example-hospital.de/fhir/fn/befundbericht"/>
    <value value="E2024_004-A"/>
  </identifier>
  <accessionIdentifier>
    <system value="https://pathologie.example-hospital.de/fhir/fn/befundbericht"/>
    <value value="E2024_004"/>
  </accessionIdentifier>
  <status value="available"/>
  <type>
    <coding>
      <system value="http://snomed.info/sct"/>
      <code value="118292001"/>
      <display value="Surgical specimen"/>
    </coding>
  </type>
  <subject>
    <reference value="Patient/Patient2"/>
  </subject>
  <request>
    <reference value="ServiceRequest/TransurethralEnucleationServiceRequest"/>
  </request>
  <collection>
    <collector>
      <reference value="Practitioner/UrologistPractitioner"/>
    </collector>
    <collectedDateTime value="2024-05-10T10:30:00+01:00"/>
    <method>
      <coding>
        <system value="http://snomed.info/sct"/>
        <code value="236205008"/>
        <display value="Simple prostatectomy (procedure)"/>
      </coding>
    </method>
    <bodySite>
      <coding>
        <system value="http://snomed.info/sct"/>
        <code value="41216001"/>
        <display value="Prostate structure"/>
      </coding>
    </bodySite>
  </collection>
  <container>
    <type>
      <coding>
        <system value="http://snomed.info/sct"/>
        <code value="434746001"/>
        <display value="Specimen vial (physical object)"/>
      </coding>
    </type>
  </container>
</Specimen>