{
  "resourceType" : "Observation",
  "id" : "TransurethralResectionDiagnosticConclusionGrouper",
  "meta" : {
    "profile" : ["https://www.medizininformatik-initiative.de/fhir/ext/modul-patho/StructureDefinition/mii-pr-patho-diagnostic-conclusion-grouper"]
  },
  "text" : {
    "status" : "generated",
    "div" : "<div xmlns=\"http://www.w3.org/1999/xhtml\"><p class=\"res-header-id\"><b>Generated Narrative: Observation TransurethralResectionDiagnosticConclusionGrouper</b></p><a name=\"TransurethralResectionDiagnosticConclusionGrouper\"> </a><a name=\"hcTransurethralResectionDiagnosticConclusionGrouper\"> </a><div style=\"display: inline-block; background-color: #d9e0e7; padding: 6px; margin: 4px; border: 1px solid #8da1b4; border-radius: 5px; line-height: 60%\"><p style=\"margin-bottom: 0px\"/><p style=\"margin-bottom: 0px\">Profile: <a href=\"https://simplifier.net/resolve?scope=de.medizininformatikinitiative.kerndatensatz.patho@2026.0.0&amp;canonical=https://www.medizininformatik-initiative.de/fhir/ext/modul-patho/StructureDefinition/mii-pr-patho-diagnostic-conclusion-grouper\">MII PR Patho Diagnostic Conclusion Grouper</a></p></div><p><b>basedOn</b>: <a href=\"ServiceRequest-TransurethralResectionServiceRequest.html\">ServiceRequest Transurethral resection of prostate (procedure)</a></p><p><b>status</b>: Final</p><p><b>category</b>: <span title=\"Codes:{http://terminology.hl7.org/CodeSystem/observation-category laboratory}\">Laboratory</span></p><p><b>code</b>: <span title=\"Codes:{http://loinc.org 22637-3}\">Pathology report final diagnosis Narrative</span></p><p><b>subject</b>: <a href=\"Patient-Patient1.html\">Hans Mueller  Male, DoB: 1955-08-15 ( http://example.hospital.de/patient-ids#PAT-2024-001)</a></p><p><b>effective</b>: 2024-04-12</p><p><b>performer</b>: <a href=\"Practitioner-PathologistPractitioner.html\">Practitioner Maria Schneider </a></p><p><b>hasMember</b>: </p><ul><li><a href=\"Observation-TransurethralResectionHistologicalTypeICDO3.html\">Observation Histology and Behavior ICD-O-3 Cancer</a></li><li><a href=\"Observation-TransurethralResectionMorphologyFreeText.html\">Observation Histology type in Cancer specimen Narrative</a></li><li><a href=\"Observation-TransurethralResectionPrimaryGleasonPattern.html\">Observation Gleason pattern.primary in Prostate tumor</a></li><li><a href=\"Observation-TransurethralResectionSecondaryGleasonPattern.html\">Observation Gleason pattern.secondary in Prostate tumor</a></li><li><a href=\"Observation-TransurethralResectionGleasonScoreTotal.html\">Observation Gleason score in Specimen Qualitative</a></li><li><a href=\"Observation-TransurethralResectionPercentageGleason45.html\">Observation Prostate tumor area with Gleason pattern 4+5/Total tumor area</a></li><li><a href=\"Observation-TransurethralResectionGradingGroupISUP.html\">Observation Prostate cancer grade group [Score] in Prostate tumor Qualitative</a></li><li><a href=\"Observation-TransurethralResectionIntraductalCarcinoma.html\">Observation Non-infiltrating intraductal carcinoma (morphologic abnormality)</a></li><li><a href=\"Observation-TransurethralResectionInvasiveCribriformCarcinoma.html\">Observation Invasive cribriform carcinoma (morphologic abnormality)</a></li><li><a href=\"Observation-TransurethralResectionProstaticTissueInvolved.html\">Observation Tissue cores.positive.carcinoma in Tissue core</a></li><li><a href=\"Observation-TransurethralResectionExtraprostaticExtension.html\">Observation Periprostatic fat invasion [Identifier] in Specimen by CAP cancer protocols</a></li><li><a href=\"Observation-TransurethralResectionSeminalVesicleInvasion.html\">Observation Seminal vesicle invasion [Identifier] in Specimen by CAP cancer protocols</a></li><li><a href=\"Observation-TransurethralResectionLymphovascularInvasion.html\">Observation Venous + Lymphatic small vessel invasion in Specimen by CAP cancer protocols</a></li><li><a href=\"Observation-TransurethralResectionPerineuralInfiltration.html\">Observation Perineural invasion [Presence] in Cancer specimen</a></li></ul></div>"
  },
  "basedOn" : [{
    "reference" : "ServiceRequest/TransurethralResectionServiceRequest"
  }],
  "status" : "final",
  "category" : [{
    "coding" : [{
      "system" : "http://terminology.hl7.org/CodeSystem/observation-category",
      "code" : "laboratory"
    }]
  }],
  "code" : {
    "coding" : [{
      "system" : "http://loinc.org",
      "code" : "22637-3"
    }]
  },
  "subject" : {
    "reference" : "Patient/Patient1"
  },
  "effectiveDateTime" : "2024-04-12",
  "performer" : [{
    "reference" : "Practitioner/PathologistPractitioner"
  }],
  "hasMember" : [{
    "reference" : "Observation/TransurethralResectionHistologicalTypeICDO3"
  },
  {
    "reference" : "Observation/TransurethralResectionMorphologyFreeText"
  },
  {
    "reference" : "Observation/TransurethralResectionPrimaryGleasonPattern"
  },
  {
    "reference" : "Observation/TransurethralResectionSecondaryGleasonPattern"
  },
  {
    "reference" : "Observation/TransurethralResectionGleasonScoreTotal"
  },
  {
    "reference" : "Observation/TransurethralResectionPercentageGleason45"
  },
  {
    "reference" : "Observation/TransurethralResectionGradingGroupISUP"
  },
  {
    "reference" : "Observation/TransurethralResectionIntraductalCarcinoma"
  },
  {
    "reference" : "Observation/TransurethralResectionInvasiveCribriformCarcinoma"
  },
  {
    "reference" : "Observation/TransurethralResectionProstaticTissueInvolved"
  },
  {
    "reference" : "Observation/TransurethralResectionExtraprostaticExtension"
  },
  {
    "reference" : "Observation/TransurethralResectionSeminalVesicleInvasion"
  },
  {
    "reference" : "Observation/TransurethralResectionLymphovascularInvasion"
  },
  {
    "reference" : "Observation/TransurethralResectionPerineuralInfiltration"
  }]
}