<?xml version="1.0" encoding="UTF-8"?>

<Observation xmlns="http://hl7.org/fhir">
  <id value="RadicalProstatectomyDiagnosticConclusionGrouper"/>
  <meta>
    <profile value="https://www.medizininformatik-initiative.de/fhir/ext/modul-patho/StructureDefinition/mii-pr-patho-diagnostic-conclusion-grouper|2026.0.0"/>
  </meta>
  <text>
    <status value="generated"/><div xmlns="http://www.w3.org/1999/xhtml"><p class="res-header-id"><b>Generated Narrative: Observation RadicalProstatectomyDiagnosticConclusionGrouper</b></p><a name="RadicalProstatectomyDiagnosticConclusionGrouper"> </a><a name="hcRadicalProstatectomyDiagnosticConclusionGrouper"> </a><div style="display: inline-block; background-color: #d9e0e7; padding: 6px; margin: 4px; border: 1px solid #8da1b4; border-radius: 5px; line-height: 60%"><p style="margin-bottom: 0px"/><p style="margin-bottom: 0px">Profile: <a href="https://simplifier.net/resolve?scope=de.medizininformatikinitiative.kerndatensatz.patho@2026.0.0&amp;canonical=https://www.medizininformatik-initiative.de/fhir/ext/modul-patho/StructureDefinition/mii-pr-patho-diagnostic-conclusion-grouper">MII PR Patho Diagnostic Conclusion Grouperversion: null2026.0.0)</a></p></div><p><b>basedOn</b>: <a href="ServiceRequest-RadicalProstatectomyServiceRequest.html">ServiceRequest Radical prostatectomy (procedure)</a></p><p><b>status</b>: Final</p><p><b>category</b>: <span title="Codes:{http://terminology.hl7.org/CodeSystem/observation-category laboratory}">Laboratory</span></p><p><b>code</b>: <span title="Codes:{http://loinc.org 22637-3}">Pathology report final diagnosis Narrative</span></p><p><b>subject</b>: <a href="Patient-Patient2.html">Peter Schmidt  Male, DoB: 1960-03-22 ( http://example.hospital.de/patient-ids#PAT-2024-002)</a></p><p><b>effective</b>: 2024-03-20</p><p><b>performer</b>: <a href="Practitioner-PathologistPractitioner.html">Practitioner Maria Schneider </a></p><p><b>hasMember</b>: </p><ul><li><a href="Observation-RadicalProstatectomyHistologicalTypeICDO3.html">Observation Histology and Behavior ICD-O-3 Cancer</a></li><li><a href="Observation-RadicalProstatectomyMorphologyFreeText.html">Observation Histology type in Cancer specimen Narrative</a></li><li><a href="Observation-RadicalProstatectomyICDOVersion.html">Observation World Health Organization tumor classification (observable entity)</a></li><li><a href="Observation-RadicalProstatectomyPrimaryGleasonPattern.html">Observation Gleason pattern.primary in Prostate tumor</a></li><li><a href="Observation-RadicalProstatectomySecondaryGleasonPattern.html">Observation Gleason pattern.secondary in Prostate tumor</a></li><li><a href="Observation-RadicalProstatectomyGleasonScoreTotal.html">Observation Gleason score in Specimen Qualitative</a></li><li><a href="Observation-RadicalProstatectomyPercentageGleason45.html">Observation Prostate tumor area with Gleason pattern 4+5/Total tumor area</a></li><li><a href="Observation-RadicalProstatectomyGradingGroupISUP.html">Observation Prostate cancer grade group [Score] in Prostate tumor Qualitative</a></li><li><a href="Observation-RadicalProstatectomyIntraductalCarcinoma.html">Observation Non-infiltrating intraductal carcinoma (morphologic abnormality)</a></li><li><a href="Observation-RadicalProstatectomyInvasiveCribriformCarcinoma.html">Observation Invasive cribriform carcinoma (morphologic abnormality)</a></li><li><a href="Observation-RadicalProstatectomyTumorVolume.html">Observation Size.maximum dimension of tumor in Prostate</a></li><li><a href="Observation-RadicalProstatectomyProstaticTissueInvolved.html">Observation Tissue cores.positive.carcinoma in Tissue core</a></li><li><a href="Observation-RadicalProstatectomyExtraprostaticExtension.html">Observation Periprostatic fat invasion [Identifier] in Specimen by CAP cancer protocols</a></li><li><a href="Observation-RadicalProstatectomySeminalVesicleInvasion.html">Observation Seminal vesicle invasion [Identifier] in Specimen by CAP cancer protocols</a></li><li><a href="Observation-RadicalProstatectomyLymphovascularInvasion.html">Observation Venous + Lymphatic small vessel invasion in Specimen by CAP cancer protocols</a></li><li><a href="Observation-RadicalProstatectomyPerineuralInfiltration.html">Observation Perineural invasion [Presence] in Cancer specimen</a></li><li><a href="Observation-RadicalProstatectomyBladderNeckInvasion.html">Observation Bladder neck involvement of Prostate tumor</a></li><li><a href="Observation-RadicalProstatectomyMarginStatus.html">Observation Surgical margin involvement by tumor [Identifier] in Prostate Qualitative</a></li><li><a href="Observation-RadicalProstatectomyLymphNodesExamined.html">Observation Regional lymph nodes examined [#] in Cancer specimen</a></li><li><a href="Observation-RadicalProstatectomyLymphNodesPositive.html">Observation Regional lymph nodes positive [#] in Cancer specimen by Light microscopy</a></li><li><a href="Observation-RadicalProstatectomyTNMpT.html">Observation Primary tumor.pathology Cancer</a></li><li><a href="Observation-RadicalProstatectomyTNMpN.html">Observation Regional lymph nodes.pathology [Class] Cancer</a></li></ul></div>
  </text>
  <basedOn>
    <reference value="ServiceRequest/RadicalProstatectomyServiceRequest"/>
  </basedOn>
  <status value="final"/>
  <category>
    <coding>
      <system value="http://terminology.hl7.org/CodeSystem/observation-category"/>
      <code value="laboratory"/>
    </coding>
  </category>
  <code>
    <coding>
      <system value="http://loinc.org"/>
      <code value="22637-3"/>
    </coding>
  </code>
  <subject>
    <reference value="Patient/Patient2"/>
  </subject>
  <effectiveDateTime value="2024-03-20"/>
  <performer>
    <reference value="Practitioner/PathologistPractitioner"/>
  </performer>
  <hasMember>
    <reference value="Observation/RadicalProstatectomyHistologicalTypeICDO3"/>
  </hasMember>
  <hasMember>
    <reference value="Observation/RadicalProstatectomyMorphologyFreeText"/>
  </hasMember>
  <hasMember>
    <reference value="Observation/RadicalProstatectomyICDOVersion"/>
  </hasMember>
  <hasMember>
    <reference value="Observation/RadicalProstatectomyPrimaryGleasonPattern"/>
  </hasMember>
  <hasMember>
    <reference value="Observation/RadicalProstatectomySecondaryGleasonPattern"/>
  </hasMember>
  <hasMember>
    <reference value="Observation/RadicalProstatectomyGleasonScoreTotal"/>
  </hasMember>
  <hasMember>
    <reference value="Observation/RadicalProstatectomyPercentageGleason45"/>
  </hasMember>
  <hasMember>
    <reference value="Observation/RadicalProstatectomyGradingGroupISUP"/>
  </hasMember>
  <hasMember>
    <reference value="Observation/RadicalProstatectomyIntraductalCarcinoma"/>
  </hasMember>
  <hasMember>
    <reference value="Observation/RadicalProstatectomyInvasiveCribriformCarcinoma"/>
  </hasMember>
  <hasMember>
    <reference value="Observation/RadicalProstatectomyTumorVolume"/>
  </hasMember>
  <hasMember>
    <reference value="Observation/RadicalProstatectomyProstaticTissueInvolved"/>
  </hasMember>
  <hasMember>
    <reference value="Observation/RadicalProstatectomyExtraprostaticExtension"/>
  </hasMember>
  <hasMember>
    <reference value="Observation/RadicalProstatectomySeminalVesicleInvasion"/>
  </hasMember>
  <hasMember>
    <reference value="Observation/RadicalProstatectomyLymphovascularInvasion"/>
  </hasMember>
  <hasMember>
    <reference value="Observation/RadicalProstatectomyPerineuralInfiltration"/>
  </hasMember>
  <hasMember>
    <reference value="Observation/RadicalProstatectomyBladderNeckInvasion"/>
  </hasMember>
  <hasMember>
    <reference value="Observation/RadicalProstatectomyMarginStatus"/>
  </hasMember>
  <hasMember>
    <reference value="Observation/RadicalProstatectomyLymphNodesExamined"/>
  </hasMember>
  <hasMember>
    <reference value="Observation/RadicalProstatectomyLymphNodesPositive"/>
  </hasMember>
  <hasMember>
    <reference value="Observation/RadicalProstatectomyTNMpT"/>
  </hasMember>
  <hasMember>
    <reference value="Observation/RadicalProstatectomyTNMpN"/>
  </hasMember>
</Observation>