<?xml version="1.0" encoding="UTF-8"?>

<Observation xmlns="http://hl7.org/fhir">
  <id value="CoreNeedleBiopsyGradingGroupISUP"/>
  <meta>
    <profile value="https://www.medizininformatik-initiative.de/fhir/ext/modul-onko/StructureDefinition/mii-pr-onko-prostate-gleason-grade-group"/>
    <profile value="https://www.medizininformatik-initiative.de/fhir/ext/modul-patho/StructureDefinition/mii-pr-patho-finding|2026.0.0"/>
  </meta>
  <text>
    <status value="generated"/><div xmlns="http://www.w3.org/1999/xhtml"><p class="res-header-id"><b>Generated Narrative: Observation CoreNeedleBiopsyGradingGroupISUP</b></p><a name="CoreNeedleBiopsyGradingGroupISUP"> </a><a name="hcCoreNeedleBiopsyGradingGroupISUP"> </a><div style="display: inline-block; background-color: #d9e0e7; padding: 6px; margin: 4px; border: 1px solid #8da1b4; border-radius: 5px; line-height: 60%"><p style="margin-bottom: 0px"/><p style="margin-bottom: 0px">Profiles: <a href="https://simplifier.net/resolve?scope=de.medizininformatikinitiative.kerndatensatz.onkologie@2026.0.0&amp;canonical=https://www.medizininformatik-initiative.de/fhir/ext/modul-onko/StructureDefinition/mii-pr-onko-prostate-gleason-grade-group">MII PR Onkologie Prostata Gleason Grade Group</a>, <a href="https://simplifier.net/resolve?scope=de.medizininformatikinitiative.kerndatensatz.patho@2026.0.0&amp;canonical=https://www.medizininformatik-initiative.de/fhir/ext/modul-patho/StructureDefinition/mii-pr-patho-finding">MII PR Patho Findingversion: null2026.0.0)</a></p></div><p><b>basedOn</b>: <a href="ServiceRequest-CoreNeedleBiopsyReportRequest.html">ServiceRequest Prostate Pathology biopsy report</a></p><p><b>status</b>: Final</p><p><b>category</b>: <span title="Codes:{http://terminology.hl7.org/CodeSystem/observation-category laboratory}">Laboratory</span>, <span title="Codes:{http://loinc.org 22637-3}">Pathology report final diagnosis Narrative</span></p><p><b>code</b>: <span title="Codes:{http://loinc.org 94734-1}, {http://snomed.info/sct 1812491000004107}">Prostate cancer grade group [Score] in Prostate tumor Qualitative</span></p><p><b>subject</b>: <a href="Patient-Patient1.html">Hans Mueller  Male, DoB: 1955-08-15 ( http://example.hospital.de/patient-ids#PAT-2024-001)</a></p><p><b>effective</b>: 2023-03-15</p><p><b>performer</b>: <a href="Practitioner-PathologistPractitioner.html">Practitioner Maria Schneider </a></p><p><b>value</b>: <span title="Codes:{http://snomed.info/sct 1279717008}">International Society of Urological Pathology grade group 5 (Gleason score 9 or 10) (qualifier value)</span></p></div>
  </text>
  <basedOn>
    <reference value="ServiceRequest/CoreNeedleBiopsyReportRequest"/>
  </basedOn>
  <status value="final"/>
  <category>
    <coding>
      <system value="http://terminology.hl7.org/CodeSystem/observation-category"/>
      <code value="laboratory"/>
    </coding>
  </category>
  <category>
    <coding>
      <system value="http://loinc.org"/>
      <code value="22637-3"/>
    </coding>
  </category>
  <code>
    <coding>
      <system value="http://loinc.org"/>
      <code value="94734-1"/>
      <display value="Prostate cancer grade group [Score] in Prostate tumor Qualitative"/>
    </coding>
    <coding>
      <system value="http://snomed.info/sct"/>
      <code value="1812491000004107"/>
      <display value="Histologic grade of primary malignant neoplasm of prostate by International Society of Urological Pathology technique (observable entity)"/>
    </coding>
  </code>
  <subject>
    <reference value="Patient/Patient1"/>
  </subject>
  <effectiveDateTime value="2023-03-15"/>
  <performer>
    <reference value="Practitioner/PathologistPractitioner"/>
  </performer>
  <valueCodeableConcept>
    <coding>
      <system value="http://snomed.info/sct"/>
      <code value="1279717008"/>
      <display value="International Society of Urological Pathology grade group 5 (Gleason score 9 or 10) (qualifier value)"/>
    </coding>
  </valueCodeableConcept>
</Observation>