{
  "resourceType" : "Composition",
  "id" : "CoreNeedleBiopsyComposition",
  "text" : {
    "status" : "generated",
    "div" : "<div xmlns=\"http://www.w3.org/1999/xhtml\"><p class=\"res-header-id\"><b>Generated Narrative: Composition CoreNeedleBiopsyComposition</b></p><a name=\"CoreNeedleBiopsyComposition\"> </a><a name=\"hcCoreNeedleBiopsyComposition\"> </a><p><b>identifier</b>: Accession ID/PATH-COMP-2024-001</p><p><b>status</b>: Final</p><p><b>type</b>: <span title=\"Codes:{http://ihe-d.de/CodeSystems/IHEXDStypeCode PATH}, {http://snomed.info/sct 721967005}\">Tissue pathology biopsy report</span></p><p><b>encounter</b>: <a href=\"Encounter-CoreNeedleBiopsyEncounter.html\">Encounter: identifier = http://example.hospital.de/encounters#E_24_001; status = finished; class = IMB (IMB)</a></p><p><b>date</b>: 2024-01-20 15:30:00+0100</p><p><b>author</b>: <a href=\"Organization-PathologyLabOrganization.html\">Pathologisches Institut</a></p><p><b>title</b>: Histopathologischer Befundbericht - Prostatabiopsie</p><h3>Attesters</h3><table class=\"grid\"><tr><td style=\"display: none\">-</td><td><b>Mode</b></td><td><b>Party</b></td></tr><tr><td style=\"display: none\">*</td><td>Legal</td><td><a href=\"Organization-PathologyLabOrganization.html\">Organization Pathologielabor</a></td></tr></table><p><b>custodian</b>: <a href=\"Organization-PathologyLabOrganization.html\">Organization Pathologielabor</a></p><h3>Events</h3><table class=\"grid\"><tr><td style=\"display: none\">-</td><td><b>Code</b></td><td><b>Detail</b></td></tr><tr><td style=\"display: none\">*</td><td><span title=\"Codes:{http://terminology.hl7.org/CodeSystem/v3-ActCode PATREPE}\">pathology report entry task</span></td><td><a href=\"ServiceRequest-CoreNeedleBiopsyReportRequest.html\">ServiceRequest Prostate Pathology biopsy report</a></td></tr></table></div>"
  },
  "identifier" : {
    "type" : {
      "coding" : [{
        "system" : "http://terminology.hl7.org/CodeSystem/v2-0203",
        "code" : "ACSN",
        "display" : "Accession ID"
      }]
    },
    "system" : "http://example.hospital.de/pathology-reports",
    "value" : "PATH-COMP-2024-001"
  },
  "status" : "final",
  "type" : {
    "coding" : [{
      "system" : "http://ihe-d.de/CodeSystems/IHEXDStypeCode",
      "code" : "PATH"
    },
    {
      "system" : "http://snomed.info/sct",
      "code" : "721967005",
      "display" : "Tissue pathology biopsy report"
    }]
  },
  "subject" : {
    "reference" : "Patient/Patient1",
    "display" : "Hans Mueller, geb. 15.08.1955 (PAT-2024-001)"
  },
  "encounter" : {
    "reference" : "Encounter/CoreNeedleBiopsyEncounter"
  },
  "date" : "2024-01-20T15:30:00+01:00",
  "author" : [{
    "reference" : "Organization/PathologyLabOrganization",
    "display" : "Pathologisches Institut"
  }],
  "title" : "Histopathologischer Befundbericht - Prostatabiopsie",
  "attester" : [{
    "mode" : "legal",
    "party" : {
      "reference" : "Organization/PathologyLabOrganization"
    }
  }],
  "custodian" : {
    "reference" : "Organization/PathologyLabOrganization"
  },
  "event" : [{
    "code" : [{
      "coding" : [{
        "system" : "http://terminology.hl7.org/CodeSystem/v3-ActCode",
        "code" : "PATREPE"
      }]
    }],
    "detail" : [{
      "reference" : "ServiceRequest/CoreNeedleBiopsyReportRequest"
    }]
  }],
  "section" : [{
    "title" : "Pathologiebefundbericht",
    "code" : {
      "coding" : [{
        "system" : "http://loinc.org",
        "code" : "11526-1",
        "display" : "Pathology study"
      }]
    },
    "text" : {
      "status" : "additional",
      "div" : "<div xmlns=\"http://www.w3.org/1999/xhtml\"><h3>Klinische Angaben</h3><p>Erhöhter PSA-Wert (8,5 ng/ml). V.a. Prostatakarzinom. Bitte histologische Abklärung.</p><h3>Makroskopie</h3><table border=\"1\" cellpadding=\"4\" cellspacing=\"0\"><thead><tr><th>Stanze</th><th>Lokalisation</th><th>Länge (cm)</th><th>Zylinder</th></tr></thead><tbody><tr><td>01</td><td>Rechts apikal</td><td>1.2</td><td>2</td></tr><tr><td>02</td><td>Rechts medial</td><td>1.5</td><td>2</td></tr><tr><td>03</td><td>Rechts basal</td><td>1.3</td><td>2</td></tr><tr><td>04</td><td>Rechts lateral apikal</td><td>1.4</td><td>2</td></tr><tr><td>05</td><td>Rechts lateral medial</td><td>1.6</td><td>2</td></tr><tr><td>06</td><td>Rechts lateral basal</td><td>1.1</td><td>2</td></tr><tr><td>07</td><td>Links apikal</td><td>1.3</td><td>2</td></tr><tr><td>08</td><td>Links medial</td><td>1.4</td><td>2</td></tr><tr><td>09</td><td>Links basal</td><td>1.2</td><td>2</td></tr><tr><td>10</td><td>Links lateral apikal</td><td>1.5</td><td>2</td></tr><tr><td>11</td><td>Links lateral medial</td><td>1.3</td><td>2</td></tr><tr><td>12</td><td>Links lateral basal</td><td>1.4</td><td>2</td></tr></tbody></table><h3>Mikroskopie</h3><table border=\"1\" cellpadding=\"4\" cellspacing=\"0\"><thead><tr><th>Stanze</th><th>Befund</th><th>Gleason</th><th>Tumoranteil</th></tr></thead><tbody><tr><td>01</td><td>Adenokarzinom</td><td>3+4=7</td><td>40%</td></tr><tr><td>02</td><td>Adenokarzinom</td><td>4+3=7</td><td>60%</td></tr><tr><td>03</td><td>Benigne</td><td>-</td><td>-</td></tr><tr><td>04</td><td>Adenokarzinom</td><td>3+4=7</td><td>35%</td></tr><tr><td>05</td><td>Benigne</td><td>-</td><td>-</td></tr><tr><td>06</td><td>Benigne</td><td>-</td><td>-</td></tr><tr><td>07</td><td>Adenokarzinom</td><td>3+4=7</td><td>45%</td></tr><tr><td>08</td><td>Benigne</td><td>-</td><td>-</td></tr><tr><td>09</td><td>Benigne</td><td>-</td><td>-</td></tr><tr><td>10</td><td>Benigne</td><td>-</td><td>-</td></tr><tr><td>11</td><td>Benigne</td><td>-</td><td>-</td></tr><tr><td>12</td><td>Benigne</td><td>-</td><td>-</td></tr></tbody></table><h3>Diagnostische Schlussfolgerung</h3><p><b>Diagnose:</b> Azinäres Adenokarzinom der Prostata (ICD-O 8140/3)</p><table border=\"1\" cellpadding=\"4\" cellspacing=\"0\"><tbody><tr><td>Histologischer Typ</td><td>Azinäres Adenokarzinom (8140/3)</td></tr><tr><td>Gleason-Score</td><td>3+4=7a</td></tr><tr><td>ISUP-Gradgruppe</td><td>2 (WHO 2016)</td></tr><tr><td>Positive Stanzen</td><td>7 von 12 (3 rechts, 4 links)</td></tr><tr><td>Tumoranteil gesamt</td><td>35%</td></tr><tr><td>Tumorlänge gesamt</td><td>18,5 mm</td></tr><tr><td>Anteil Gleason 4/5</td><td>77%</td></tr><tr><td>Perineurale Infiltration</td><td>Nachgewiesen</td></tr><tr><td>Periprostatische Fettinvasion</td><td>Nachgewiesen (apikal)</td></tr><tr><td>Samenblaseninfiltration</td><td>Nicht nachgewiesen</td></tr><tr><td>Lymphovaskuläre Invasion</td><td>Nicht nachgewiesen</td></tr><tr><td>Intraduktales Karzinom</td><td>Nicht nachgewiesen</td></tr><tr><td>ASAP</td><td>Nein</td></tr><tr><td>High-grade-PIN</td><td>Nicht nachgewiesen</td></tr></tbody></table></div>"
    },
    "entry" : [{
      "reference" : "DiagnosticReport/CoreNeedleBiopsyReport"
    }]
  }]
}