{
  "resourceType" : "Composition",
  "id" : "RadicalProstatectomyComposition",
  "text" : {
    "status" : "generated",
    "div" : "<div xmlns=\"http://www.w3.org/1999/xhtml\"><p class=\"res-header-id\"><b>Generated Narrative: Composition RadicalProstatectomyComposition</b></p><a name=\"RadicalProstatectomyComposition\"> </a><a name=\"hcRadicalProstatectomyComposition\"> </a><p><b>identifier</b>: Accession ID/PATH-COMP-2024-002</p><p><b>status</b>: Final</p><p><b>type</b>: <span title=\"Codes:{http://ihe-d.de/CodeSystems/IHEXDStypeCode PATH}, {http://snomed.info/sct 721967005}\">Tissue pathology biopsy report</span></p><p><b>encounter</b>: <a href=\"Encounter-RadicalProstatectomyEncounter.html\">Encounter: identifier = http://example.hospital.de/encounters#E_24_002; status = finished; class = IMP (IMP)</a></p><p><b>date</b>: 2024-03-21 08:00:00+0100</p><p><b>author</b>: <a href=\"Organization-PathologyLabOrganization.html\">Pathologisches Institut</a></p><p><b>title</b>: Histopathologischer Befundbericht - Prostatektomie</p><h3>Attesters</h3><table class=\"grid\"><tr><td style=\"display: none\">-</td><td><b>Mode</b></td><td><b>Party</b></td></tr><tr><td style=\"display: none\">*</td><td>Legal</td><td><a href=\"Organization-PathologyLabOrganization.html\">Organization Pathologielabor</a></td></tr></table><p><b>custodian</b>: <a href=\"Organization-PathologyLabOrganization.html\">Organization Pathologielabor</a></p><h3>Events</h3><table class=\"grid\"><tr><td style=\"display: none\">-</td><td><b>Code</b></td><td><b>Detail</b></td></tr><tr><td style=\"display: none\">*</td><td><span title=\"Codes:{http://terminology.hl7.org/CodeSystem/v3-ActCode PATREPE}\">pathology report entry task</span></td><td><a href=\"ServiceRequest-RadicalProstatectomyReportRequest.html\">ServiceRequest Radical prostatectomy (procedure)</a></td></tr></table></div>"
  },
  "identifier" : {
    "type" : {
      "coding" : [{
        "system" : "http://terminology.hl7.org/CodeSystem/v2-0203",
        "code" : "ACSN",
        "display" : "Accession ID"
      }]
    },
    "system" : "http://example.hospital.de/pathology-reports",
    "value" : "PATH-COMP-2024-002"
  },
  "status" : "final",
  "type" : {
    "coding" : [{
      "system" : "http://ihe-d.de/CodeSystems/IHEXDStypeCode",
      "code" : "PATH"
    },
    {
      "system" : "http://snomed.info/sct",
      "code" : "721967005",
      "display" : "Tissue pathology biopsy report"
    }]
  },
  "subject" : {
    "reference" : "Patient/Patient1",
    "display" : "Hans Mueller, geb. 15.08.1955 (PAT-2024-001)"
  },
  "encounter" : {
    "reference" : "Encounter/RadicalProstatectomyEncounter"
  },
  "date" : "2024-03-21T08:00:00+01:00",
  "author" : [{
    "reference" : "Organization/PathologyLabOrganization",
    "display" : "Pathologisches Institut"
  }],
  "title" : "Histopathologischer Befundbericht - Prostatektomie",
  "attester" : [{
    "mode" : "legal",
    "party" : {
      "reference" : "Organization/PathologyLabOrganization"
    }
  }],
  "custodian" : {
    "reference" : "Organization/PathologyLabOrganization"
  },
  "event" : [{
    "code" : [{
      "coding" : [{
        "system" : "http://terminology.hl7.org/CodeSystem/v3-ActCode",
        "code" : "PATREPE"
      }]
    }],
    "detail" : [{
      "reference" : "ServiceRequest/RadicalProstatectomyReportRequest"
    }]
  }],
  "section" : [{
    "title" : "Pathologiebefundbericht",
    "code" : {
      "coding" : [{
        "system" : "http://loinc.org",
        "code" : "11526-1",
        "display" : "Pathology study"
      }]
    },
    "entry" : [{
      "reference" : "DiagnosticReport/RadicalProstatectomyReport"
    }]
  }]
}