{
  "resourceType" : "Composition",
  "id" : "TransurethralEnucleationComposition",
  "text" : {
    "status" : "generated",
    "div" : "<div xmlns=\"http://www.w3.org/1999/xhtml\"><p class=\"res-header-id\"><b>Generated Narrative: Composition TransurethralEnucleationComposition</b></p><a name=\"TransurethralEnucleationComposition\"> </a><a name=\"hcTransurethralEnucleationComposition\"> </a><p><b>identifier</b>: Accession ID/PATH-COMP-2024-004</p><p><b>status</b>: Final</p><p><b>type</b>: <span title=\"Codes:{http://ihe-d.de/CodeSystems/IHEXDStypeCode PATH}, {http://snomed.info/sct 721967005}\">Tissue pathology biopsy report</span></p><p><b>encounter</b>: <a href=\"Encounter-TransurethralEnucleationEncounter.html\">Encounter: identifier = http://example.hospital.de/encounters#PSA-ENUC-2024; status = finished; class = IMP (IMP)</a></p><p><b>date</b>: 2024-04-15 08:00:00+0100</p><p><b>author</b>: <a href=\"Organization-PathologyLabOrganization.html\">Pathologisches Institut</a></p><p><b>title</b>: Histopathologischer Befundbericht - Prostata Enucleation</p><h3>Attesters</h3><table class=\"grid\"><tr><td style=\"display: none\">-</td><td><b>Mode</b></td><td><b>Party</b></td></tr><tr><td style=\"display: none\">*</td><td>Legal</td><td><a href=\"Organization-PathologyLabOrganization.html\">Organization Pathologielabor</a></td></tr></table><p><b>custodian</b>: <a href=\"Organization-PathologyLabOrganization.html\">Organization Pathologielabor</a></p><h3>Events</h3><table class=\"grid\"><tr><td style=\"display: none\">-</td><td><b>Code</b></td><td><b>Detail</b></td></tr><tr><td style=\"display: none\">*</td><td><span title=\"Codes:{http://terminology.hl7.org/CodeSystem/v3-ActCode PATREPE}\">pathology report entry task</span></td><td><a href=\"ServiceRequest-TransurethralEnucleationServiceRequest.html\">ServiceRequest Simple prostatectomy (procedure)</a></td></tr></table></div>"
  },
  "identifier" : {
    "type" : {
      "coding" : [{
        "system" : "http://terminology.hl7.org/CodeSystem/v2-0203",
        "code" : "ACSN",
        "display" : "Accession ID"
      }]
    },
    "system" : "http://example.hospital.de/pathology-reports",
    "value" : "PATH-COMP-2024-004"
  },
  "status" : "final",
  "type" : {
    "coding" : [{
      "system" : "http://ihe-d.de/CodeSystems/IHEXDStypeCode",
      "code" : "PATH"
    },
    {
      "system" : "http://snomed.info/sct",
      "code" : "721967005",
      "display" : "Tissue pathology biopsy report"
    }]
  },
  "subject" : {
    "reference" : "Patient/Patient2"
  },
  "encounter" : {
    "reference" : "Encounter/TransurethralEnucleationEncounter"
  },
  "date" : "2024-04-15T08:00:00+01:00",
  "author" : [{
    "reference" : "Organization/PathologyLabOrganization",
    "display" : "Pathologisches Institut"
  }],
  "title" : "Histopathologischer Befundbericht - Prostata Enucleation",
  "attester" : [{
    "mode" : "legal",
    "party" : {
      "reference" : "Organization/PathologyLabOrganization"
    }
  }],
  "custodian" : {
    "reference" : "Organization/PathologyLabOrganization"
  },
  "event" : [{
    "code" : [{
      "coding" : [{
        "system" : "http://terminology.hl7.org/CodeSystem/v3-ActCode",
        "code" : "PATREPE"
      }]
    }],
    "detail" : [{
      "reference" : "ServiceRequest/TransurethralEnucleationServiceRequest"
    }]
  }],
  "section" : [{
    "title" : "Pathologiebefundbericht",
    "code" : {
      "coding" : [{
        "system" : "http://loinc.org",
        "code" : "11526-1",
        "display" : "Pathology study"
      }]
    },
    "entry" : [{
      "reference" : "DiagnosticReport/TransurethralEnucleationReport"
    }]
  }]
}