{
  "resourceType" : "DiagnosticReport",
  "id" : "TransurethralEnucleationReport",
  "meta" : {
    "profile" : ["https://www.medizininformatik-initiative.de/fhir/ext/modul-patho/StructureDefinition/mii-pr-patho-report|2026.0.0"]
  },
  "text" : {
    "status" : "generated",
    "div" : "<div xmlns=\"http://www.w3.org/1999/xhtml\"><p class=\"res-header-id\"><b>Generated Narrative: DiagnosticReport TransurethralEnucleationReport</b></p><a name=\"TransurethralEnucleationReport\"> </a><a name=\"hcTransurethralEnucleationReport\"> </a><div style=\"display: inline-block; background-color: #d9e0e7; padding: 6px; margin: 4px; border: 1px solid #8da1b4; border-radius: 5px; line-height: 60%\"><p style=\"margin-bottom: 0px\"/><p style=\"margin-bottom: 0px\">Profile: <a href=\"https://simplifier.net/resolve?scope=de.medizininformatikinitiative.kerndatensatz.patho@2026.0.0&amp;canonical=https://www.medizininformatik-initiative.de/fhir/ext/modul-patho/StructureDefinition/mii-pr-patho-report\">MII PR Patho Reportversion: null2026.0.0)</a></p></div><h2><span title=\"Codes:{http://loinc.org 60568-3}\">Pathology Synoptic report</span> (<span title=\"Codes:{http://terminology.hl7.org/CodeSystem/v2-0074 SP}\">Surgical Pathology</span>) </h2><table class=\"grid\"><tr><td>Subject</td><td>Klaus Becker  Male, DoB: 1958-11-10 ( http://example.hospital.de/patient-ids#PAT-2024-003)</td></tr><tr><td>When For</td><td>2024-05-12 17:00:00+0100</td></tr><tr><td>Reported</td><td>2024-05-13 08:00:00+0100</td></tr><tr><td>Performer</td><td> <a href=\"Practitioner-PathologistPractitioner.html\">Practitioner Maria Schneider </a></td></tr><tr><td>Identifier</td><td> Accession ID/E_24_004</td></tr></table><p><b>Report Details</b></p><table class=\"grid\"><tr><td><b>Code</b></td><td><b>Value</b></td><td><b>Flags</b></td><td><b>Note</b></td><td><b>When For</b></td></tr><tr><td><a href=\"Observation-TransurethralEnucleationMacroscopicGrouper.html\"><span title=\"Codes:{http://loinc.org 22634-0}\">Pathology report gross observation Narrative</span></a> (<span title=\"Codes:{http://snomed.info/sct 41216001}\">Prostatic structure (body structure)</span>)</td><td/><td>Final</td><td><blockquote><div><p>Makroskopische Aufarbeitung des Prostata Enucleation Präparats: Gewicht 25g, Länge 3.5cm, Breite 2.8cm, Tiefe 2.2cm. Keine Samenblasen im Resektat. Keine Lymphknoten im Resektat.</p>\n</div></blockquote></td><td>2024-04-11 14:00:00+0100</td></tr><tr><td><a href=\"Observation-TransurethralEnucleationDiagnosticConclusionGrouper.html\"><span title=\"Codes:{http://loinc.org 22637-3}\">Pathology report final diagnosis Narrative</span></a></td><td/><td>Final</td><td><blockquote><div><p>Zusammenfassung: Azinäres Adenokarzinom der Prostata (ICD-O 8140/3) mit invasiven kribriformen Anteilen und intraduktaler Karzinomkomponente. Gleason-Score 4+5=9, ISUP-Gradgruppe 5 (WHO 2016). Prozentualer Anteil Gleasonmuster 4 und 5: 90%. Ausgedehnte Tumorinfiltration, ca. 60% des Prostatagewebes befallen. Extraprostatische Ausbreitung nachgewiesen. Samenblaseninfiltration nachgewiesen. Lymphovaskuläre Invasion nachgewiesen. Perineurale Infiltration nachgewiesen. Empfehlung: Staging-Untersuchungen und interdisziplinäre Tumorkonferenz.</p>\n</div></blockquote>By Practitioner/PathologistPractitioner @2024-05-12</td><td>2024-05-12</td></tr></table><p>Prostata Enucleation: Azinäres Adenokarzinom, Gleason Score 4+5=9 (ISUP Grade Group 5), mit invasiven cribriformen Anteilen und intraduktalem Karzinom. Extensive Tumorinfiltration (60% des Gewebes) mit extraprostatischer Extension, Samenblaseninvasion, perineuralem und lymphovaskulärem Befall.</p></div>"
  },
  "identifier" : [{
    "type" : {
      "coding" : [{
        "system" : "http://terminology.hl7.org/CodeSystem/v2-0203",
        "code" : "ACSN",
        "display" : "Accession ID"
      }]
    },
    "system" : "https://pathologie.example-hospital.de/fhir/fn/befundbericht",
    "value" : "E_24_004"
  }],
  "basedOn" : [{
    "reference" : "ServiceRequest/TransurethralEnucleationReportRequest"
  }],
  "status" : "final",
  "category" : [{
    "coding" : [{
      "system" : "http://terminology.hl7.org/CodeSystem/v2-0074",
      "code" : "SP",
      "display" : "Surgical Pathology"
    }]
  }],
  "code" : {
    "coding" : [{
      "system" : "http://loinc.org",
      "code" : "60568-3",
      "display" : "Pathology Synoptic report"
    }]
  },
  "subject" : {
    "reference" : "Patient/Patient3"
  },
  "effectiveDateTime" : "2024-05-12T17:00:00+01:00",
  "issued" : "2024-05-13T08:00:00+01:00",
  "performer" : [{
    "reference" : "Practitioner/PathologistPractitioner"
  }],
  "specimen" : [{
    "reference" : "Specimen/TransurethralEnucleationSpecimenPart"
  },
  {
    "reference" : "Specimen/TransurethralEnucleationSpecimenBlock01"
  },
  {
    "reference" : "Specimen/TransurethralEnucleationSpecimenSlide01A"
  },
  {
    "reference" : "Specimen/TransurethralEnucleationSpecimenSlide01B"
  },
  {
    "reference" : "Specimen/TransurethralEnucleationSpecimenBlock02"
  },
  {
    "reference" : "Specimen/TransurethralEnucleationSpecimenSlide02A"
  },
  {
    "reference" : "Specimen/TransurethralEnucleationSpecimenSlide02B"
  },
  {
    "reference" : "Specimen/TransurethralEnucleationSpecimenBlock03"
  },
  {
    "reference" : "Specimen/TransurethralEnucleationSpecimenSlide03A"
  },
  {
    "reference" : "Specimen/TransurethralEnucleationSpecimenSlide03B"
  },
  {
    "reference" : "Specimen/TransurethralEnucleationSpecimenBlock04"
  },
  {
    "reference" : "Specimen/TransurethralEnucleationSpecimenSlide04A"
  },
  {
    "reference" : "Specimen/TransurethralEnucleationSpecimenSlide04B"
  },
  {
    "reference" : "Specimen/TransurethralEnucleationSpecimenBlock05"
  },
  {
    "reference" : "Specimen/TransurethralEnucleationSpecimenSlide05A"
  },
  {
    "reference" : "Specimen/TransurethralEnucleationSpecimenSlide05B"
  }],
  "result" : [{
    "reference" : "Observation/TransurethralEnucleationMacroscopicGrouper"
  },
  {
    "reference" : "Observation/TransurethralEnucleationDiagnosticConclusionGrouper"
  }],
  "conclusion" : "Prostata Enucleation: Azinäres Adenokarzinom, Gleason Score 4+5=9 (ISUP Grade Group 5), mit invasiven cribriformen Anteilen und intraduktalem Karzinom. Extensive Tumorinfiltration (60% des Gewebes) mit extraprostatischer Extension, Samenblaseninvasion, perineuralem und lymphovaskulärem Befall."
}