{
  "resourceType" : "DiagnosticReport",
  "id" : "CoreNeedleBiopsyReport",
  "meta" : {
    "profile" : ["https://www.medizininformatik-initiative.de/fhir/ext/modul-patho/StructureDefinition/mii-pr-patho-report|2026.0.0"]
  },
  "text" : {
    "status" : "generated",
    "div" : "<div xmlns=\"http://www.w3.org/1999/xhtml\"><p class=\"res-header-id\"><b>Generated Narrative: DiagnosticReport CoreNeedleBiopsyReport</b></p><a name=\"CoreNeedleBiopsyReport\"> </a><a name=\"hcCoreNeedleBiopsyReport\"> </a><div style=\"display: inline-block; background-color: #d9e0e7; padding: 6px; margin: 4px; border: 1px solid #8da1b4; border-radius: 5px; line-height: 60%\"><p style=\"margin-bottom: 0px\"/><p style=\"margin-bottom: 0px\">Profile: <a href=\"https://simplifier.net/resolve?scope=de.medizininformatikinitiative.kerndatensatz.patho@2026.0.0&amp;canonical=https://www.medizininformatik-initiative.de/fhir/ext/modul-patho/StructureDefinition/mii-pr-patho-report\">MII PR Patho Reportversion: null2026.0.0)</a></p></div><h2><span title=\"Codes:{http://loinc.org 60568-3}\">Pathology Synoptic report</span> (<span title=\"Codes:{http://terminology.hl7.org/CodeSystem/v2-0074 SP}\">Surgical Pathology</span>) </h2><table class=\"grid\"><tr><td>Subject</td><td>Hans Mueller  Male, DoB: 1955-08-15 ( http://example.hospital.de/patient-ids#PAT-2024-001)</td></tr><tr><td>When For</td><td>2024-01-20 15:00:00+0100</td></tr><tr><td>Reported</td><td>2024-01-20 15:30:00+0100</td></tr><tr><td>Performer</td><td> <a href=\"Practitioner-PathologistPractitioner.html\">Practitioner Maria Schneider </a></td></tr><tr><td>Identifier</td><td> Accession ID/E_24_001</td></tr></table><p><b>Report Details</b></p><table class=\"grid\"><tr><td><b>Code</b></td><td><b>Value</b></td><td><b>Flags</b></td><td><b>Note</b></td><td><b>When For</b></td></tr><tr><td><a href=\"Observation-CoreNeedleBiopsyMacroscopicGrouper.html\"><span title=\"Codes:{http://loinc.org 22634-0}\">Pathology report gross observation Narrative</span></a> (<span title=\"Codes:{http://snomed.info/sct 41216001}\">Prostatic structure (body structure)</span>)</td><td>Makroskopische Messungen aller 12 Prostatastanzen</td><td>Final</td><td><blockquote><div><p>Makroskopische Messungen für alle 12 Prostatastanzen: Längen 1.3-1.9cm, je 1 Zylinder pro Specimen. Stanzen 01-06 aus rechter Prostataregion, Stanzen 07-12 aus linker Prostataregion.</p>\n</div></blockquote></td><td>2024-01-15 14:00:00+0100</td></tr><tr><td><a href=\"Observation-CoreNeedleBiopsyMicroscopicGrouper.html\"><span title=\"Codes:{http://loinc.org 22635-7}\">Pathology report microscopic observation Narrative Other stain</span></a> (<span title=\"Codes:{http://snomed.info/sct 41216001}\">Prostatic structure (body structure)</span>)</td><td>Mikroskopische Befunde aller 12 Prostatastanzen</td><td>Final</td><td><blockquote><div><p>Mikroskopische Untersuchung der 12 Prostatastanzen: Adenokarzinom in 6 von 12 Stanzen nachgewiesen. Gleason Scores von 3+3=6 bis 4+5=9. Benigne Befunde in Stanzen 03, 05, 08, 10, 12. Detaillierte Findings für alle 16 Parameter pro Stanze implementiert.</p>\n</div></blockquote></td><td>2024-01-17 10:00:00+0100</td></tr><tr><td><a href=\"Observation-CoreNeedleBiopsyDiagnosticConclusionGrouper.html\"><span title=\"Codes:{http://loinc.org 22637-3}\">Pathology report final diagnosis Narrative</span></a></td><td/><td>Final</td><td><blockquote><div><p>Diagnose: Azinäres Adenokarzinom der Prostata (ICD-O 8140/3). Gleason-Score 3+4=7a, ISUP-Gradgruppe 2 (WHO 2016). 7 von 12 Stanzen tumorbefallen (3 rechts, 4 links), prozentualer Tumoranteil 35%, Tumorlänge gesamt 18,5 mm. Perineurale Infiltration nachgewiesen. Infiltration des periprostatischen Fettgewebes apikal nachgewiesen (Hinweis auf extraprostatische Ausbreitung). Samenblaseninfiltration, lymphovaskuläre Invasion, intraduktales Karzinom, ASAP, High-grade-PIN und granulomatöse Prostatitis nicht nachgewiesen.</p>\n</div></blockquote>By Practitioner/PathologistPractitioner @2023-03-15</td><td>2023-03-15</td></tr></table><p>Adenokarzinom der Prostata, Gleason-Score 7a (3+4) in 7 von 12 Stanzen, mit perineuralem Befall.</p></div>"
  },
  "identifier" : [{
    "type" : {
      "coding" : [{
        "system" : "http://terminology.hl7.org/CodeSystem/v2-0203",
        "code" : "ACSN",
        "display" : "Accession ID"
      }]
    },
    "system" : "https://pathologie.example-hospital.de/fhir/fn/befundbericht",
    "value" : "E_24_001"
  }],
  "basedOn" : [{
    "reference" : "ServiceRequest/CoreNeedleBiopsyReportRequest"
  }],
  "status" : "final",
  "category" : [{
    "coding" : [{
      "system" : "http://terminology.hl7.org/CodeSystem/v2-0074",
      "code" : "SP",
      "display" : "Surgical Pathology"
    }]
  }],
  "code" : {
    "coding" : [{
      "system" : "http://loinc.org",
      "code" : "60568-3",
      "display" : "Pathology Synoptic report"
    }]
  },
  "subject" : {
    "reference" : "Patient/Patient1"
  },
  "effectiveDateTime" : "2024-01-20T15:00:00+01:00",
  "issued" : "2024-01-20T15:30:00+01:00",
  "performer" : [{
    "reference" : "Practitioner/PathologistPractitioner"
  }],
  "specimen" : [{
    "reference" : "Specimen/CoreNeedleBiopsySpecimen01Part"
  },
  {
    "reference" : "Specimen/CoreNeedleBiopsySpecimen01Block"
  },
  {
    "reference" : "Specimen/CoreNeedleBiopsySpecimen01Slide"
  },
  {
    "reference" : "Specimen/CoreNeedleBiopsySpecimen02Part"
  },
  {
    "reference" : "Specimen/CoreNeedleBiopsySpecimen02Block"
  },
  {
    "reference" : "Specimen/CoreNeedleBiopsySpecimen02Slide"
  },
  {
    "reference" : "Specimen/CoreNeedleBiopsySpecimen03Part"
  },
  {
    "reference" : "Specimen/CoreNeedleBiopsySpecimen03Block"
  },
  {
    "reference" : "Specimen/CoreNeedleBiopsySpecimen03Slide"
  },
  {
    "reference" : "Specimen/CoreNeedleBiopsySpecimen04Part"
  },
  {
    "reference" : "Specimen/CoreNeedleBiopsySpecimen04Block"
  },
  {
    "reference" : "Specimen/CoreNeedleBiopsySpecimen04Slide"
  },
  {
    "reference" : "Specimen/CoreNeedleBiopsySpecimen05Part"
  },
  {
    "reference" : "Specimen/CoreNeedleBiopsySpecimen05Block"
  },
  {
    "reference" : "Specimen/CoreNeedleBiopsySpecimen05Slide"
  },
  {
    "reference" : "Specimen/CoreNeedleBiopsySpecimen06Part"
  },
  {
    "reference" : "Specimen/CoreNeedleBiopsySpecimen06Block"
  },
  {
    "reference" : "Specimen/CoreNeedleBiopsySpecimen06Slide"
  },
  {
    "reference" : "Specimen/CoreNeedleBiopsySpecimen07Part"
  },
  {
    "reference" : "Specimen/CoreNeedleBiopsySpecimen07Block"
  },
  {
    "reference" : "Specimen/CoreNeedleBiopsySpecimen07Slide"
  },
  {
    "reference" : "Specimen/CoreNeedleBiopsySpecimen08Part"
  },
  {
    "reference" : "Specimen/CoreNeedleBiopsySpecimen08Block"
  },
  {
    "reference" : "Specimen/CoreNeedleBiopsySpecimen08Slide"
  },
  {
    "reference" : "Specimen/CoreNeedleBiopsySpecimen09Part"
  },
  {
    "reference" : "Specimen/CoreNeedleBiopsySpecimen09Block"
  },
  {
    "reference" : "Specimen/CoreNeedleBiopsySpecimen09Slide"
  },
  {
    "reference" : "Specimen/CoreNeedleBiopsySpecimen10Part"
  },
  {
    "reference" : "Specimen/CoreNeedleBiopsySpecimen10Block"
  },
  {
    "reference" : "Specimen/CoreNeedleBiopsySpecimen10Slide"
  },
  {
    "reference" : "Specimen/CoreNeedleBiopsySpecimen11Part"
  },
  {
    "reference" : "Specimen/CoreNeedleBiopsySpecimen11Block"
  },
  {
    "reference" : "Specimen/CoreNeedleBiopsySpecimen11Slide"
  },
  {
    "reference" : "Specimen/CoreNeedleBiopsySpecimen12Part"
  },
  {
    "reference" : "Specimen/CoreNeedleBiopsySpecimen12Block"
  },
  {
    "reference" : "Specimen/CoreNeedleBiopsySpecimen12Slide"
  }],
  "result" : [{
    "reference" : "Observation/CoreNeedleBiopsyMacroscopicGrouper"
  },
  {
    "reference" : "Observation/CoreNeedleBiopsyMicroscopicGrouper"
  },
  {
    "reference" : "Observation/CoreNeedleBiopsyDiagnosticConclusionGrouper"
  }],
  "conclusion" : "Adenokarzinom der Prostata, Gleason-Score 7a (3+4) in 7 von 12 Stanzen, mit perineuralem Befall."
}