{
  "resourceType" : "DiagnosticReport",
  "id" : "RadicalProstatectomyReport",
  "meta" : {
    "profile" : ["https://www.medizininformatik-initiative.de/fhir/ext/modul-patho/StructureDefinition/mii-pr-patho-report|2026.0.0"]
  },
  "text" : {
    "status" : "generated",
    "div" : "<div xmlns=\"http://www.w3.org/1999/xhtml\"><p class=\"res-header-id\"><b>Generated Narrative: DiagnosticReport RadicalProstatectomyReport</b></p><a name=\"RadicalProstatectomyReport\"> </a><a name=\"hcRadicalProstatectomyReport\"> </a><div style=\"display: inline-block; background-color: #d9e0e7; padding: 6px; margin: 4px; border: 1px solid #8da1b4; border-radius: 5px; line-height: 60%\"><p style=\"margin-bottom: 0px\"/><p style=\"margin-bottom: 0px\">Profile: <a href=\"https://simplifier.net/resolve?scope=de.medizininformatikinitiative.kerndatensatz.patho@2026.0.0&amp;canonical=https://www.medizininformatik-initiative.de/fhir/ext/modul-patho/StructureDefinition/mii-pr-patho-report\">MII PR Patho Reportversion: null2026.0.0)</a></p></div><h2><span title=\"Codes:{http://loinc.org 60568-3}\">Pathology Synoptic report</span> (<span title=\"Codes:{http://terminology.hl7.org/CodeSystem/v2-0074 SP}\">Surgical Pathology</span>) </h2><table class=\"grid\"><tr><td>Subject</td><td>Peter Schmidt  Male, DoB: 1960-03-22 ( http://example.hospital.de/patient-ids#PAT-2024-002)</td></tr><tr><td>When For</td><td>2024-03-20 17:00:00+0100</td></tr><tr><td>Reported</td><td>2024-03-21 08:00:00+0100</td></tr><tr><td>Performer</td><td> <a href=\"Practitioner-PathologistPractitioner.html\">Practitioner Maria Schneider </a></td></tr><tr><td>Identifier</td><td> Accession ID/PATH-RPT-2024-002</td></tr></table><p><b>Report Details</b></p><table class=\"grid\"><tr><td><b>Code</b></td><td><b>Value</b></td><td><b>Flags</b></td><td><b>Note</b></td><td><b>When For</b></td></tr><tr><td><a href=\"Observation-RadicalProstatectomyMacroscopicGrouper.html\"><span title=\"Codes:{http://loinc.org 22634-0}\">Pathology report gross observation Narrative</span></a> (<span title=\"Codes:{http://snomed.info/sct 41216001}\">Prostatic structure (body structure)</span>)</td><td>Makroskopische Messungen des Prostatektomiepräparats</td><td>Final</td><td><blockquote><div><p>Makroskopische Aufarbeitung des Prostatektomiepräparats: Prostata 55g, Breite 4.5cm, Höhe 4.0cm, Tiefe 3.5cm, Lymphknoten bilateral vorhanden, Samenbläschen im Resektat vorhanden, Samenbläschen beidseits 2.5cm</p>\n</div></blockquote></td><td>2024-03-16 14:00:00+0100</td></tr><tr><td><a href=\"Observation-RadicalProstatectomyDiagnosticConclusionGrouper.html\"><span title=\"Codes:{http://loinc.org 22637-3}\">Pathology report final diagnosis Narrative</span></a></td><td/><td>Final</td><td/><td>2024-03-20</td></tr></table><p>Adenokarzinom der Prostata, Gleason Score 3+4=7, pT2c pN0 (0/12) R0. Tumorvolumen ca. 2,8 cm³ (ca. 25% der Prostata). Keine extrakapsuläre Extension, keine Samenblaseninvasion, alle Resektionsränder tumorfrei.</p></div>"
  },
  "identifier" : [{
    "type" : {
      "coding" : [{
        "system" : "http://terminology.hl7.org/CodeSystem/v2-0203",
        "code" : "ACSN",
        "display" : "Accession ID"
      }]
    },
    "system" : "http://example.hospital.de/diagnostic-reports",
    "value" : "PATH-RPT-2024-002"
  }],
  "basedOn" : [{
    "reference" : "ServiceRequest/RadicalProstatectomyServiceRequest"
  }],
  "status" : "final",
  "category" : [{
    "coding" : [{
      "system" : "http://terminology.hl7.org/CodeSystem/v2-0074",
      "code" : "SP",
      "display" : "Surgical Pathology"
    }]
  }],
  "code" : {
    "coding" : [{
      "system" : "http://loinc.org",
      "code" : "60568-3",
      "display" : "Pathology Synoptic report"
    }]
  },
  "subject" : {
    "reference" : "Patient/Patient2"
  },
  "effectiveDateTime" : "2024-03-20T17:00:00+01:00",
  "issued" : "2024-03-21T08:00:00+01:00",
  "performer" : [{
    "reference" : "Practitioner/PathologistPractitioner"
  }],
  "specimen" : [{
    "reference" : "Specimen/RadicalProstatectomySpecimenPart"
  },
  {
    "reference" : "Specimen/RadicalProstatectomySpecimenBlock01"
  },
  {
    "reference" : "Specimen/RadicalProstatectomySpecimenSlide01A"
  },
  {
    "reference" : "Specimen/RadicalProstatectomySpecimenSlide01B"
  },
  {
    "reference" : "Specimen/RadicalProstatectomySpecimenBlock02"
  },
  {
    "reference" : "Specimen/RadicalProstatectomySpecimenSlide02A"
  },
  {
    "reference" : "Specimen/RadicalProstatectomySpecimenSlide02B"
  },
  {
    "reference" : "Specimen/RadicalProstatectomySpecimenBlock03"
  },
  {
    "reference" : "Specimen/RadicalProstatectomySpecimenSlide03A"
  },
  {
    "reference" : "Specimen/RadicalProstatectomySpecimenSlide03B"
  }],
  "result" : [{
    "reference" : "Observation/RadicalProstatectomyMacroscopicGrouper"
  },
  {
    "reference" : "Observation/RadicalProstatectomyDiagnosticConclusionGrouper"
  }],
  "conclusion" : "Adenokarzinom der Prostata, Gleason Score 3+4=7, pT2c pN0 (0/12) R0. Tumorvolumen ca. 2,8 cm³ (ca. 25% der Prostata). Keine extrakapsuläre Extension, keine Samenblaseninvasion, alle Resektionsränder tumorfrei."
}