{
  "resourceType" : "Encounter",
  "id" : "TransurethralEnucleationEncounter",
  "text" : {
    "status" : "generated",
    "div" : "<div xmlns=\"http://www.w3.org/1999/xhtml\"><p class=\"res-header-id\"><b>Generated Narrative: Encounter TransurethralEnucleationEncounter</b></p><a name=\"TransurethralEnucleationEncounter\"> </a><a name=\"hcTransurethralEnucleationEncounter\"> </a><p><b>identifier</b>: <code>http://example.hospital.de/encounters</code>/PSA-ENUC-2024</p><p><b>status</b>: Finished</p><p><b>class</b>: [not stated]: IMP (IMP)</p><p><b>subject</b>: <a href=\"Patient-Patient2.html\">Peter Schmidt  Male, DoB: 1960-03-22 ( http://example.hospital.de/patient-ids#PAT-2024-002)</a></p></div>"
  },
  "identifier" : [{
    "system" : "http://example.hospital.de/encounters",
    "value" : "PSA-ENUC-2024"
  }],
  "status" : "finished",
  "class" : {
    "code" : "IMP"
  },
  "subject" : {
    "reference" : "Patient/Patient2"
  }
}