{
  "resourceType" : "Observation",
  "id" : "CoreNeedleBiopsySecondaryGleasonPattern",
  "meta" : {
    "profile" : ["https://www.medizininformatik-initiative.de/fhir/ext/modul-onko/StructureDefinition/mii-pr-onko-prostate-gleason-patterns",
    "https://www.medizininformatik-initiative.de/fhir/ext/modul-patho/StructureDefinition/mii-pr-patho-finding|2026.0.0"]
  },
  "text" : {
    "status" : "generated",
    "div" : "<div xmlns=\"http://www.w3.org/1999/xhtml\"><p class=\"res-header-id\"><b>Generated Narrative: Observation CoreNeedleBiopsySecondaryGleasonPattern</b></p><a name=\"CoreNeedleBiopsySecondaryGleasonPattern\"> </a><a name=\"hcCoreNeedleBiopsySecondaryGleasonPattern\"> </a><div style=\"display: inline-block; background-color: #d9e0e7; padding: 6px; margin: 4px; border: 1px solid #8da1b4; border-radius: 5px; line-height: 60%\"><p style=\"margin-bottom: 0px\"/><p style=\"margin-bottom: 0px\">Profiles: <a href=\"https://simplifier.net/resolve?scope=de.medizininformatikinitiative.kerndatensatz.onkologie@2026.0.0&amp;canonical=https://www.medizininformatik-initiative.de/fhir/ext/modul-onko/StructureDefinition/mii-pr-onko-prostate-gleason-patterns\">MII PR Onkologie Prostata Gleason Primär</a>, <a href=\"https://simplifier.net/resolve?scope=de.medizininformatikinitiative.kerndatensatz.patho@2026.0.0&amp;canonical=https://www.medizininformatik-initiative.de/fhir/ext/modul-patho/StructureDefinition/mii-pr-patho-finding\">MII PR Patho Findingversion: null2026.0.0)</a></p></div><p><b>basedOn</b>: <a href=\"ServiceRequest-CoreNeedleBiopsyReportRequest.html\">ServiceRequest Prostate Pathology biopsy report</a></p><p><b>status</b>: Final</p><p><b>category</b>: <span title=\"Codes:{http://terminology.hl7.org/CodeSystem/observation-category laboratory}\">Laboratory</span>, <span title=\"Codes:{http://loinc.org 22637-3}\">Pathology report final diagnosis Narrative</span></p><p><b>code</b>: <span title=\"Codes:{http://loinc.org 44642-7}, {http://snomed.info/sct 384995005}\">Gleason pattern.secondary in Prostate tumor</span></p><p><b>subject</b>: <a href=\"Patient-Patient1.html\">Hans Mueller  Male, DoB: 1955-08-15 ( http://example.hospital.de/patient-ids#PAT-2024-001)</a></p><p><b>effective</b>: 2023-03-15</p><p><b>performer</b>: <a href=\"Practitioner-PathologistPractitioner.html\">Practitioner Maria Schneider </a></p><p><b>value</b>: <span title=\"Codes:{http://snomed.info/sct 369773008}\">Gleason Pattern 4 (finding)</span></p><p><b>derivedFrom</b>: </p><ul><li><a href=\"Observation-CoreNeedleBiopsySekundaerGleason01.html\">Observation Gleason pattern.secondary in Prostate tumor</a></li><li><a href=\"Observation-CoreNeedleBiopsySekundaerGleason02.html\">Observation Gleason pattern.secondary in Prostate tumor</a></li><li><a href=\"Observation-CoreNeedleBiopsySekundaerGleason04.html\">Observation Gleason pattern.secondary in Prostate tumor</a></li><li><a href=\"Observation-CoreNeedleBiopsySekundaerGleason06.html\">Observation Gleason pattern.secondary in Prostate tumor</a></li><li><a href=\"Observation-CoreNeedleBiopsySekundaerGleason07.html\">Observation Gleason pattern.secondary in Prostate tumor</a></li><li><a href=\"Observation-CoreNeedleBiopsySekundaerGleason09.html\">Observation Gleason pattern.secondary in Prostate tumor</a></li><li><a href=\"Observation-CoreNeedleBiopsySekundaerGleason11.html\">Observation Gleason pattern.secondary in Prostate tumor</a></li></ul></div>"
  },
  "basedOn" : [{
    "reference" : "ServiceRequest/CoreNeedleBiopsyReportRequest"
  }],
  "status" : "final",
  "category" : [{
    "coding" : [{
      "system" : "http://terminology.hl7.org/CodeSystem/observation-category",
      "code" : "laboratory"
    }]
  },
  {
    "coding" : [{
      "system" : "http://loinc.org",
      "code" : "22637-3"
    }]
  }],
  "code" : {
    "coding" : [{
      "system" : "http://loinc.org",
      "code" : "44642-7",
      "display" : "Gleason pattern.secondary in Prostate tumor"
    },
    {
      "system" : "http://snomed.info/sct",
      "code" : "384995005",
      "display" : "Secondary Gleason pattern (observable entity)"
    }]
  },
  "subject" : {
    "reference" : "Patient/Patient1"
  },
  "effectiveDateTime" : "2023-03-15",
  "performer" : [{
    "reference" : "Practitioner/PathologistPractitioner"
  }],
  "valueCodeableConcept" : {
    "coding" : [{
      "system" : "http://snomed.info/sct",
      "code" : "369773008",
      "display" : "Gleason Pattern 4 (finding)"
    }]
  },
  "derivedFrom" : [{
    "reference" : "Observation/CoreNeedleBiopsySekundaerGleason01"
  },
  {
    "reference" : "Observation/CoreNeedleBiopsySekundaerGleason02"
  },
  {
    "reference" : "Observation/CoreNeedleBiopsySekundaerGleason04"
  },
  {
    "reference" : "Observation/CoreNeedleBiopsySekundaerGleason06"
  },
  {
    "reference" : "Observation/CoreNeedleBiopsySekundaerGleason07"
  },
  {
    "reference" : "Observation/CoreNeedleBiopsySekundaerGleason09"
  },
  {
    "reference" : "Observation/CoreNeedleBiopsySekundaerGleason11"
  }]
}