{
  "resourceType" : "Observation",
  "id" : "CoreNeedleBiopsyMacroscopicGrouper",
  "meta" : {
    "profile" : ["https://www.medizininformatik-initiative.de/fhir/ext/modul-patho/StructureDefinition/mii-pr-patho-macroscopic-grouper"]
  },
  "text" : {
    "status" : "generated",
    "div" : "<div xmlns=\"http://www.w3.org/1999/xhtml\"><p class=\"res-header-id\"><b>Generated Narrative: Observation CoreNeedleBiopsyMacroscopicGrouper</b></p><a name=\"CoreNeedleBiopsyMacroscopicGrouper\"> </a><a name=\"hcCoreNeedleBiopsyMacroscopicGrouper\"> </a><div style=\"display: inline-block; background-color: #d9e0e7; padding: 6px; margin: 4px; border: 1px solid #8da1b4; border-radius: 5px; line-height: 60%\"><p style=\"margin-bottom: 0px\"/><p style=\"margin-bottom: 0px\">Profile: <a href=\"https://simplifier.net/resolve?scope=de.medizininformatikinitiative.kerndatensatz.patho@2026.0.0&amp;canonical=https://www.medizininformatik-initiative.de/fhir/ext/modul-patho/StructureDefinition/mii-pr-patho-macroscopic-grouper\">MII PR Patho Macroscopic Grouper</a></p></div><p><b>status</b>: Final</p><p><b>category</b>: <span title=\"Codes:{http://terminology.hl7.org/CodeSystem/observation-category laboratory}\">Laboratory</span></p><p><b>code</b>: <span title=\"Codes:{http://loinc.org 22634-0}\">Pathology report gross observation Narrative</span></p><p><b>subject</b>: <a href=\"Patient-Patient1.html\">Hans Mueller  Male, DoB: 1955-08-15 ( http://example.hospital.de/patient-ids#PAT-2024-001)</a></p><p><b>effective</b>: 2024-01-15 14:00:00+0100</p><p><b>performer</b>: <a href=\"Practitioner-PathologistPractitioner.html\">Practitioner Maria Schneider </a></p><p><b>value</b>: Makroskopische Messungen aller 12 Prostatastanzen</p><p><b>note</b>: </p><blockquote><div><p>Makroskopische Messungen für alle 12 Prostatastanzen: Längen 1.3-1.9cm, je 1 Zylinder pro Specimen. Stanzen 01-06 aus rechter Prostataregion, Stanzen 07-12 aus linker Prostataregion.</p>\n</div></blockquote><p><b>bodySite</b>: <span title=\"Codes:{http://snomed.info/sct 41216001}\">Prostatic structure (body structure)</span></p><p><b>derivedFrom</b>: </p><ul><li><a href=\"Observation-CoreNeedleBiopsyMacroscopicLength01.html\">Observation Length of tissue core(s)</a></li><li><a href=\"Observation-CoreNeedleBiopsyMacroscopicLength02.html\">Observation Length of tissue core(s)</a></li><li><a href=\"Observation-CoreNeedleBiopsyMacroscopicLength03.html\">Observation Length of tissue core(s)</a></li><li><a href=\"Observation-CoreNeedleBiopsyMacroscopicLength04.html\">Observation Length of tissue core(s)</a></li><li><a href=\"Observation-CoreNeedleBiopsyMacroscopicLength05.html\">Observation Length of tissue core(s)</a></li><li><a href=\"Observation-CoreNeedleBiopsyMacroscopicLength06.html\">Observation Length of tissue core(s)</a></li><li><a href=\"Observation-CoreNeedleBiopsyMacroscopicLength07.html\">Observation Length of tissue core(s)</a></li><li><a href=\"Observation-CoreNeedleBiopsyMacroscopicLength08.html\">Observation Length of tissue core(s)</a></li><li><a href=\"Observation-CoreNeedleBiopsyMacroscopicLength09.html\">Observation Length of tissue core(s)</a></li><li><a href=\"Observation-CoreNeedleBiopsyMacroscopicLength10.html\">Observation Length of tissue core(s)</a></li><li><a href=\"Observation-CoreNeedleBiopsyMacroscopicLength11.html\">Observation Length of tissue core(s)</a></li><li><a href=\"Observation-CoreNeedleBiopsyMacroscopicLength12.html\">Observation Length of tissue core(s)</a></li><li><a href=\"Observation-CoreNeedleBiopsyMacroscopicCylinderCount01.html\">Observation Total number of cores in Tissue core</a></li><li><a href=\"Observation-CoreNeedleBiopsyMacroscopicCylinderCount02.html\">Observation Total number of cores in Tissue core</a></li><li><a href=\"Observation-CoreNeedleBiopsyMacroscopicCylinderCount03.html\">Observation Total number of cores in Tissue core</a></li><li><a href=\"Observation-CoreNeedleBiopsyMacroscopicCylinderCount04.html\">Observation Total number of cores in Tissue core</a></li><li><a href=\"Observation-CoreNeedleBiopsyMacroscopicCylinderCount05.html\">Observation Total number of cores in Tissue core</a></li><li><a href=\"Observation-CoreNeedleBiopsyMacroscopicCylinderCount06.html\">Observation Total number of cores in Tissue core</a></li><li><a href=\"Observation-CoreNeedleBiopsyMacroscopicCylinderCount07.html\">Observation Total number of cores in Tissue core</a></li><li><a href=\"Observation-CoreNeedleBiopsyMacroscopicCylinderCount08.html\">Observation Total number of cores in Tissue core</a></li><li><a href=\"Observation-CoreNeedleBiopsyMacroscopicCylinderCount09.html\">Observation Total number of cores in Tissue core</a></li><li><a href=\"Observation-CoreNeedleBiopsyMacroscopicCylinderCount10.html\">Observation Total number of cores in Tissue core</a></li><li><a href=\"Observation-CoreNeedleBiopsyMacroscopicCylinderCount11.html\">Observation Total number of cores in Tissue core</a></li><li><a href=\"Observation-CoreNeedleBiopsyMacroscopicCylinderCount12.html\">Observation Total number of cores in Tissue core</a></li><li><a href=\"Observation-CoreNeedleBiopsyMacroscopicLaterality01.html\">Observation Laterality</a></li><li><a href=\"Observation-CoreNeedleBiopsyMacroscopicLaterality02.html\">Observation Laterality</a></li><li><a href=\"Observation-CoreNeedleBiopsyMacroscopicLaterality03.html\">Observation Laterality</a></li><li><a href=\"Observation-CoreNeedleBiopsyMacroscopicLaterality04.html\">Observation Laterality</a></li><li><a href=\"Observation-CoreNeedleBiopsyMacroscopicLaterality05.html\">Observation Laterality</a></li><li><a href=\"Observation-CoreNeedleBiopsyMacroscopicLaterality06.html\">Observation Laterality</a></li><li><a href=\"Observation-CoreNeedleBiopsyMacroscopicLaterality07.html\">Observation Laterality</a></li><li><a href=\"Observation-CoreNeedleBiopsyMacroscopicLaterality08.html\">Observation Laterality</a></li><li><a href=\"Observation-CoreNeedleBiopsyMacroscopicLaterality09.html\">Observation Laterality</a></li><li><a href=\"Observation-CoreNeedleBiopsyMacroscopicLaterality10.html\">Observation Laterality</a></li><li><a href=\"Observation-CoreNeedleBiopsyMacroscopicLaterality11.html\">Observation Laterality</a></li><li><a href=\"Observation-CoreNeedleBiopsyMacroscopicLaterality12.html\">Observation Laterality</a></li></ul></div>"
  },
  "status" : "final",
  "category" : [{
    "coding" : [{
      "system" : "http://terminology.hl7.org/CodeSystem/observation-category",
      "code" : "laboratory"
    }]
  }],
  "code" : {
    "coding" : [{
      "system" : "http://loinc.org",
      "code" : "22634-0"
    }]
  },
  "subject" : {
    "reference" : "Patient/Patient1"
  },
  "effectiveDateTime" : "2024-01-15T14:00:00+01:00",
  "performer" : [{
    "reference" : "Practitioner/PathologistPractitioner"
  }],
  "valueString" : "Makroskopische Messungen aller 12 Prostatastanzen",
  "note" : [{
    "text" : "Makroskopische Messungen für alle 12 Prostatastanzen: Längen 1.3-1.9cm, je 1 Zylinder pro Specimen. Stanzen 01-06 aus rechter Prostataregion, Stanzen 07-12 aus linker Prostataregion."
  }],
  "bodySite" : {
    "coding" : [{
      "system" : "http://snomed.info/sct",
      "code" : "41216001",
      "display" : "Prostatic structure (body structure)"
    }]
  },
  "derivedFrom" : [{
    "reference" : "Observation/CoreNeedleBiopsyMacroscopicLength01"
  },
  {
    "reference" : "Observation/CoreNeedleBiopsyMacroscopicLength02"
  },
  {
    "reference" : "Observation/CoreNeedleBiopsyMacroscopicLength03"
  },
  {
    "reference" : "Observation/CoreNeedleBiopsyMacroscopicLength04"
  },
  {
    "reference" : "Observation/CoreNeedleBiopsyMacroscopicLength05"
  },
  {
    "reference" : "Observation/CoreNeedleBiopsyMacroscopicLength06"
  },
  {
    "reference" : "Observation/CoreNeedleBiopsyMacroscopicLength07"
  },
  {
    "reference" : "Observation/CoreNeedleBiopsyMacroscopicLength08"
  },
  {
    "reference" : "Observation/CoreNeedleBiopsyMacroscopicLength09"
  },
  {
    "reference" : "Observation/CoreNeedleBiopsyMacroscopicLength10"
  },
  {
    "reference" : "Observation/CoreNeedleBiopsyMacroscopicLength11"
  },
  {
    "reference" : "Observation/CoreNeedleBiopsyMacroscopicLength12"
  },
  {
    "reference" : "Observation/CoreNeedleBiopsyMacroscopicCylinderCount01"
  },
  {
    "reference" : "Observation/CoreNeedleBiopsyMacroscopicCylinderCount02"
  },
  {
    "reference" : "Observation/CoreNeedleBiopsyMacroscopicCylinderCount03"
  },
  {
    "reference" : "Observation/CoreNeedleBiopsyMacroscopicCylinderCount04"
  },
  {
    "reference" : "Observation/CoreNeedleBiopsyMacroscopicCylinderCount05"
  },
  {
    "reference" : "Observation/CoreNeedleBiopsyMacroscopicCylinderCount06"
  },
  {
    "reference" : "Observation/CoreNeedleBiopsyMacroscopicCylinderCount07"
  },
  {
    "reference" : "Observation/CoreNeedleBiopsyMacroscopicCylinderCount08"
  },
  {
    "reference" : "Observation/CoreNeedleBiopsyMacroscopicCylinderCount09"
  },
  {
    "reference" : "Observation/CoreNeedleBiopsyMacroscopicCylinderCount10"
  },
  {
    "reference" : "Observation/CoreNeedleBiopsyMacroscopicCylinderCount11"
  },
  {
    "reference" : "Observation/CoreNeedleBiopsyMacroscopicCylinderCount12"
  },
  {
    "reference" : "Observation/CoreNeedleBiopsyMacroscopicLaterality01"
  },
  {
    "reference" : "Observation/CoreNeedleBiopsyMacroscopicLaterality02"
  },
  {
    "reference" : "Observation/CoreNeedleBiopsyMacroscopicLaterality03"
  },
  {
    "reference" : "Observation/CoreNeedleBiopsyMacroscopicLaterality04"
  },
  {
    "reference" : "Observation/CoreNeedleBiopsyMacroscopicLaterality05"
  },
  {
    "reference" : "Observation/CoreNeedleBiopsyMacroscopicLaterality06"
  },
  {
    "reference" : "Observation/CoreNeedleBiopsyMacroscopicLaterality07"
  },
  {
    "reference" : "Observation/CoreNeedleBiopsyMacroscopicLaterality08"
  },
  {
    "reference" : "Observation/CoreNeedleBiopsyMacroscopicLaterality09"
  },
  {
    "reference" : "Observation/CoreNeedleBiopsyMacroscopicLaterality10"
  },
  {
    "reference" : "Observation/CoreNeedleBiopsyMacroscopicLaterality11"
  },
  {
    "reference" : "Observation/CoreNeedleBiopsyMacroscopicLaterality12"
  }]
}