{
  "resourceType" : "Observation",
  "id" : "RadicalProstatectomyMacroscopicSeminalVesiclesPresent",
  "meta" : {
    "profile" : ["https://www.medizininformatik-initiative.de/fhir/ext/modul-patho/StructureDefinition/mii-pr-patho-finding|2026.0.0"]
  },
  "text" : {
    "status" : "generated",
    "div" : "<div xmlns=\"http://www.w3.org/1999/xhtml\"><p class=\"res-header-id\"><b>Generated Narrative: Observation RadicalProstatectomyMacroscopicSeminalVesiclesPresent</b></p><a name=\"RadicalProstatectomyMacroscopicSeminalVesiclesPresent\"> </a><a name=\"hcRadicalProstatectomyMacroscopicSeminalVesiclesPresent\"> </a><div style=\"display: inline-block; background-color: #d9e0e7; padding: 6px; margin: 4px; border: 1px solid #8da1b4; border-radius: 5px; line-height: 60%\"><p style=\"margin-bottom: 0px\"/><p style=\"margin-bottom: 0px\">Profile: <a href=\"https://simplifier.net/resolve?scope=de.medizininformatikinitiative.kerndatensatz.patho@2026.0.0&amp;canonical=https://www.medizininformatik-initiative.de/fhir/ext/modul-patho/StructureDefinition/mii-pr-patho-finding\">MII PR Patho Findingversion: null2026.0.0)</a></p></div><p><b>status</b>: Final</p><p><b>category</b>: <span title=\"Codes:{http://terminology.hl7.org/CodeSystem/observation-category laboratory}\">Laboratory</span>, <span title=\"Codes:{http://loinc.org 22634-0}\">Pathology report gross observation Narrative</span></p><p><b>code</b>: <span title=\"Codes:{http://snomed.info/sct 395557000}\">Samenblasen im Resektat</span></p><p><b>subject</b>: <a href=\"Patient-Patient2.html\">Peter Schmidt  Male, DoB: 1960-03-22 ( http://example.hospital.de/patient-ids#PAT-2024-002)</a></p><p><b>effective</b>: 2024-03-16 14:19:00+0100</p><p><b>performer</b>: <a href=\"Practitioner-PathologistPractitioner.html\">Practitioner Maria Schneider </a></p><p><b>value</b>: <span title=\"Codes:{http://snomed.info/sct 52101004}\">Present (qualifier value)</span></p><p><b>note</b>: </p><blockquote><div><p>Samenblasen im Resektat vorhanden</p>\n</div></blockquote><p><b>bodySite</b>: <span title=\"Codes:{http://snomed.info/sct 41216001}\">Prostatic structure (body structure)</span></p><p><b>specimen</b>: <a href=\"Specimen-RadicalProstatectomySpecimenPart.html\">Specimen: identifier = Placer Identifier,Filler Identifier; accessionIdentifier = https://pathologie.example-hospital.de/fhir/fn/befundbericht#E2024_002; status = available; type = Surgical specimen</a></p></div>"
  },
  "status" : "final",
  "category" : [{
    "coding" : [{
      "system" : "http://terminology.hl7.org/CodeSystem/observation-category",
      "code" : "laboratory"
    }]
  },
  {
    "coding" : [{
      "system" : "http://loinc.org",
      "code" : "22634-0"
    }]
  }],
  "code" : {
    "coding" : [{
      "system" : "http://snomed.info/sct",
      "code" : "395557000",
      "display" : "Tumor finding"
    }],
    "text" : "Samenblasen im Resektat"
  },
  "subject" : {
    "reference" : "Patient/Patient2"
  },
  "effectiveDateTime" : "2024-03-16T14:19:00+01:00",
  "performer" : [{
    "reference" : "Practitioner/PathologistPractitioner"
  }],
  "valueCodeableConcept" : {
    "coding" : [{
      "system" : "http://snomed.info/sct",
      "code" : "52101004",
      "display" : "Present (qualifier value)"
    }]
  },
  "note" : [{
    "text" : "Samenblasen im Resektat vorhanden"
  }],
  "bodySite" : {
    "coding" : [{
      "system" : "http://snomed.info/sct",
      "code" : "41216001",
      "display" : "Prostatic structure (body structure)"
    }]
  },
  "specimen" : {
    "reference" : "Specimen/RadicalProstatectomySpecimenPart"
  }
}