{
  "resourceType" : "Observation",
  "id" : "RadicalProstatectomyHistologicalTypeICDO3",
  "meta" : {
    "profile" : ["https://www.medizininformatik-initiative.de/fhir/ext/modul-patho/StructureDefinition/mii-pr-patho-finding|2026.0.0"]
  },
  "text" : {
    "status" : "generated",
    "div" : "<div xmlns=\"http://www.w3.org/1999/xhtml\"><p class=\"res-header-id\"><b>Generated Narrative: Observation RadicalProstatectomyHistologicalTypeICDO3</b></p><a name=\"RadicalProstatectomyHistologicalTypeICDO3\"> </a><a name=\"hcRadicalProstatectomyHistologicalTypeICDO3\"> </a><div style=\"display: inline-block; background-color: #d9e0e7; padding: 6px; margin: 4px; border: 1px solid #8da1b4; border-radius: 5px; line-height: 60%\"><p style=\"margin-bottom: 0px\"/><p style=\"margin-bottom: 0px\">Profile: <a href=\"https://simplifier.net/resolve?scope=de.medizininformatikinitiative.kerndatensatz.patho@2026.0.0&amp;canonical=https://www.medizininformatik-initiative.de/fhir/ext/modul-patho/StructureDefinition/mii-pr-patho-finding\">MII PR Patho Findingversion: null2026.0.0)</a></p></div><p><b>basedOn</b>: <a href=\"ServiceRequest-RadicalProstatectomyServiceRequest.html\">ServiceRequest Radical prostatectomy (procedure)</a></p><p><b>status</b>: Final</p><p><b>category</b>: <span title=\"Codes:{http://terminology.hl7.org/CodeSystem/observation-category laboratory}\">Laboratory</span>, <span title=\"Codes:{http://loinc.org 22637-3}\">Pathology report final diagnosis Narrative</span></p><p><b>code</b>: <span title=\"Codes:{http://loinc.org 59847-4}\">Histology and Behavior ICD-O-3 Cancer</span></p><p><b>subject</b>: <a href=\"Patient-Patient2.html\">Peter Schmidt  Male, DoB: 1960-03-22 ( http://example.hospital.de/patient-ids#PAT-2024-002)</a></p><p><b>effective</b>: 2024-03-20</p><p><b>performer</b>: <a href=\"Practitioner-PathologistPractitioner.html\">Practitioner Maria Schneider </a></p><p><b>value</b>: <span title=\"Codes:{urn:oid:2.16.840.1.113883.6.43.1 8140/3}\">Azinäres Adenokarzinom</span></p><p><b>specimen</b>: <a href=\"Specimen-RadicalProstatectomySpecimenSlide01A.html\">Specimen: identifier = https://pathologie.example-hospital.de/fhir/fn/befundbericht#E2024_002-HE-01A; accessionIdentifier = https://pathologie.example-hospital.de/fhir/fn/befundbericht#E2024_002; status = available; type = Histopathology slide (physical object)</a></p></div>"
  },
  "basedOn" : [{
    "reference" : "ServiceRequest/RadicalProstatectomyServiceRequest"
  }],
  "status" : "final",
  "category" : [{
    "coding" : [{
      "system" : "http://terminology.hl7.org/CodeSystem/observation-category",
      "code" : "laboratory"
    }]
  },
  {
    "coding" : [{
      "system" : "http://loinc.org",
      "code" : "22637-3"
    }]
  }],
  "code" : {
    "coding" : [{
      "system" : "http://loinc.org",
      "code" : "59847-4",
      "display" : "Histology and Behavior ICD-O-3 Cancer"
    }]
  },
  "subject" : {
    "reference" : "Patient/Patient2"
  },
  "effectiveDateTime" : "2024-03-20",
  "performer" : [{
    "reference" : "Practitioner/PathologistPractitioner"
  }],
  "valueCodeableConcept" : {
    "coding" : [{
      "system" : "urn:oid:2.16.840.1.113883.6.43.1",
      "code" : "8140/3",
      "display" : "Azinäres Adenokarzinom"
    }]
  },
  "specimen" : {
    "reference" : "Specimen/RadicalProstatectomySpecimenSlide01A"
  }
}