{
  "resourceType" : "Observation",
  "id" : "TransurethralEnucleationMacroscopicLength",
  "meta" : {
    "profile" : ["https://www.medizininformatik-initiative.de/fhir/ext/modul-patho/StructureDefinition/mii-pr-patho-finding|2026.0.0"]
  },
  "text" : {
    "status" : "generated",
    "div" : "<div xmlns=\"http://www.w3.org/1999/xhtml\"><p class=\"res-header-id\"><b>Generated Narrative: Observation TransurethralEnucleationMacroscopicLength</b></p><a name=\"TransurethralEnucleationMacroscopicLength\"> </a><a name=\"hcTransurethralEnucleationMacroscopicLength\"> </a><div style=\"display: inline-block; background-color: #d9e0e7; padding: 6px; margin: 4px; border: 1px solid #8da1b4; border-radius: 5px; line-height: 60%\"><p style=\"margin-bottom: 0px\"/><p style=\"margin-bottom: 0px\">Profile: <a href=\"https://simplifier.net/resolve?scope=de.medizininformatikinitiative.kerndatensatz.patho@2026.0.0&amp;canonical=https://www.medizininformatik-initiative.de/fhir/ext/modul-patho/StructureDefinition/mii-pr-patho-finding\">MII PR Patho Findingversion: null2026.0.0)</a></p></div><p><b>status</b>: Final</p><p><b>category</b>: <span title=\"Codes:{http://terminology.hl7.org/CodeSystem/observation-category laboratory}\">Laboratory</span>, <span title=\"Codes:{http://loinc.org 22634-0}\">Pathology report gross observation Narrative</span></p><p><b>code</b>: <span title=\"Codes:{http://loinc.org 84894-5}\">Prostata Enucleation Länge</span></p><p><b>subject</b>: <a href=\"Patient-Patient3.html\">Klaus Becker  Male, DoB: 1958-11-10 ( http://example.hospital.de/patient-ids#PAT-2024-003)</a></p><p><b>effective</b>: 2024-04-11 14:15:00+0100</p><p><b>performer</b>: <a href=\"Practitioner-PathologistPractitioner.html\">Practitioner Maria Schneider </a></p><p><b>value</b>: 3.5 cm<span style=\"background: LightGoldenRodYellow\"> (Details: UCUM  codecm = 'cm')</span></p><p><b>note</b>: </p><blockquote><div><p>Prostata Enucleation Länge: 3.5 cm</p>\n</div></blockquote><p><b>bodySite</b>: <span title=\"Codes:{http://snomed.info/sct 41216001}\">Prostatic structure (body structure)</span></p><p><b>specimen</b>: <a href=\"Specimen-TransurethralEnucleationSpecimenPart.html\">Specimen: identifier = Placer Identifier,Filler Identifier; accessionIdentifier = https://pathologie.example-hospital.de/fhir/fn/befundbericht#E_24_004; status = available; type = Surgical specimen</a></p><p><b>derivedFrom</b>: <a href=\"QuestionnaireResponse-QuestionnaireResponseTransurethralEnucleation.html\">Response to Questionnaire 'https://art-decor.org/fhir/Questionnaire/2.16.840.1.113883.3.1937.777.18.27.20--20250115134435' about '-&gt;Klaus Becker  Male, DoB: 1958-11-10 ( http://example.hospital.de/patient-ids#PAT-2024-003)'</a></p></div>"
  },
  "status" : "final",
  "category" : [{
    "coding" : [{
      "system" : "http://terminology.hl7.org/CodeSystem/observation-category",
      "code" : "laboratory"
    }]
  },
  {
    "coding" : [{
      "system" : "http://loinc.org",
      "code" : "22634-0"
    }]
  }],
  "code" : {
    "coding" : [{
      "system" : "http://loinc.org",
      "code" : "84894-5",
      "display" : "Dimension [Length] of Specimen"
    }],
    "text" : "Prostata Enucleation Länge"
  },
  "subject" : {
    "reference" : "Patient/Patient3"
  },
  "effectiveDateTime" : "2024-04-11T14:15:00+01:00",
  "performer" : [{
    "reference" : "Practitioner/PathologistPractitioner"
  }],
  "valueQuantity" : {
    "value" : 3.5,
    "unit" : "cm",
    "system" : "http://unitsofmeasure.org",
    "code" : "cm"
  },
  "note" : [{
    "text" : "Prostata Enucleation Länge: 3.5 cm"
  }],
  "bodySite" : {
    "coding" : [{
      "system" : "http://snomed.info/sct",
      "code" : "41216001",
      "display" : "Prostatic structure (body structure)"
    }]
  },
  "specimen" : {
    "reference" : "Specimen/TransurethralEnucleationSpecimenPart"
  },
  "derivedFrom" : [{
    "reference" : "QuestionnaireResponse/QuestionnaireResponseTransurethralEnucleation"
  }]
}