{
  "resourceType" : "Observation",
  "id" : "RadicalProstatectomyMacroscopicGrouper",
  "meta" : {
    "profile" : ["https://www.medizininformatik-initiative.de/fhir/ext/modul-patho/StructureDefinition/mii-pr-patho-macroscopic-grouper|2026.0.0"]
  },
  "text" : {
    "status" : "generated",
    "div" : "<div xmlns=\"http://www.w3.org/1999/xhtml\"><p class=\"res-header-id\"><b>Generated Narrative: Observation RadicalProstatectomyMacroscopicGrouper</b></p><a name=\"RadicalProstatectomyMacroscopicGrouper\"> </a><a name=\"hcRadicalProstatectomyMacroscopicGrouper\"> </a><div style=\"display: inline-block; background-color: #d9e0e7; padding: 6px; margin: 4px; border: 1px solid #8da1b4; border-radius: 5px; line-height: 60%\"><p style=\"margin-bottom: 0px\"/><p style=\"margin-bottom: 0px\">Profile: <a href=\"https://simplifier.net/resolve?scope=de.medizininformatikinitiative.kerndatensatz.patho@2026.0.0&amp;canonical=https://www.medizininformatik-initiative.de/fhir/ext/modul-patho/StructureDefinition/mii-pr-patho-macroscopic-grouper\">MII PR Patho Macroscopic Grouperversion: null2026.0.0)</a></p></div><p><b>status</b>: Final</p><p><b>category</b>: <span title=\"Codes:{http://terminology.hl7.org/CodeSystem/observation-category laboratory}\">Laboratory</span></p><p><b>code</b>: <span title=\"Codes:{http://loinc.org 22634-0}\">Pathology report gross observation Narrative</span></p><p><b>subject</b>: <a href=\"Patient-Patient1.html\">Hans Mueller  Male, DoB: 1955-08-15 ( http://example.hospital.de/patient-ids#PAT-2024-001)</a></p><p><b>effective</b>: 2024-03-16 14:00:00+0100</p><p><b>performer</b>: <a href=\"Practitioner-PathologistPractitioner.html\">Practitioner Maria Schneider </a></p><p><b>value</b>: Makroskopische Messungen des Prostatektomiepräparats</p><p><b>note</b>: </p><blockquote><div><p>Makroskopische Aufarbeitung des Prostatektomiepräparats: Prostata 55g, Breite 4.5cm, Höhe 4.0cm, Tiefe 3.5cm, Lymphknoten bilateral vorhanden, Samenbläschen im Resektat vorhanden, Samenbläschen beidseits 2.5cm</p>\n</div></blockquote><p><b>bodySite</b>: <span title=\"Codes:{http://snomed.info/sct 41216001}\">Prostatic structure (body structure)</span></p><p><b>derivedFrom</b>: </p><ul><li><a href=\"QuestionnaireResponse-QuestionnaireResponseRadicalProstatectomy.html\">Response to Questionnaire 'https://art-decor.org/fhir/Questionnaire/2.16.840.1.113883.3.1937.777.18.27.19--20250115134435' about '-&gt;Hans Mueller  Male, DoB: 1955-08-15 ( http://example.hospital.de/patient-ids#PAT-2024-001)'</a></li><li><a href=\"Observation-RadicalProstatectomyMacroscopicProstateWeight.html\">Observation Prostate weight</a></li><li><a href=\"Observation-RadicalProstatectomyMacroscopicProstateWidth.html\">Observation Prostate size</a></li><li><a href=\"Observation-RadicalProstatectomyMacroscopicProstateHeight.html\">Observation Prostate size</a></li><li><a href=\"Observation-RadicalProstatectomyMacroscopicProstateDepth.html\">Observation Prostate size</a></li><li><a href=\"Observation-RadicalProstatectomyMacroscopicLymphNodesPresent.html\">Observation Tumor finding</a></li><li><a href=\"Observation-RadicalProstatectomyMacroscopicLymphNodesLaterality.html\">Observation Laterality</a></li><li><a href=\"Observation-RadicalProstatectomyMacroscopicSeminalVesiclesPresent.html\">Observation Tumor finding</a></li><li><a href=\"Observation-RadicalProstatectomyMacroscopicSeminalVesicleLength.html\">Observation Seminal vesicle size</a></li></ul></div>"
  },
  "status" : "final",
  "category" : [{
    "coding" : [{
      "system" : "http://terminology.hl7.org/CodeSystem/observation-category",
      "code" : "laboratory"
    }]
  }],
  "code" : {
    "coding" : [{
      "system" : "http://loinc.org",
      "code" : "22634-0"
    }]
  },
  "subject" : {
    "reference" : "Patient/Patient1"
  },
  "effectiveDateTime" : "2024-03-16T14:00:00+01:00",
  "performer" : [{
    "reference" : "Practitioner/PathologistPractitioner"
  }],
  "valueString" : "Makroskopische Messungen des Prostatektomiepräparats",
  "note" : [{
    "text" : "Makroskopische Aufarbeitung des Prostatektomiepräparats: Prostata 55g, Breite 4.5cm, Höhe 4.0cm, Tiefe 3.5cm, Lymphknoten bilateral vorhanden, Samenbläschen im Resektat vorhanden, Samenbläschen beidseits 2.5cm"
  }],
  "bodySite" : {
    "coding" : [{
      "system" : "http://snomed.info/sct",
      "code" : "41216001",
      "display" : "Prostatic structure (body structure)"
    }]
  },
  "derivedFrom" : [{
    "reference" : "QuestionnaireResponse/QuestionnaireResponseRadicalProstatectomy"
  },
  {
    "reference" : "Observation/RadicalProstatectomyMacroscopicProstateWeight"
  },
  {
    "reference" : "Observation/RadicalProstatectomyMacroscopicProstateWidth"
  },
  {
    "reference" : "Observation/RadicalProstatectomyMacroscopicProstateHeight"
  },
  {
    "reference" : "Observation/RadicalProstatectomyMacroscopicProstateDepth"
  },
  {
    "reference" : "Observation/RadicalProstatectomyMacroscopicLymphNodesPresent"
  },
  {
    "reference" : "Observation/RadicalProstatectomyMacroscopicLymphNodesLaterality"
  },
  {
    "reference" : "Observation/RadicalProstatectomyMacroscopicSeminalVesiclesPresent"
  },
  {
    "reference" : "Observation/RadicalProstatectomyMacroscopicSeminalVesicleLength"
  }]
}