{
  "resourceType" : "Observation",
  "id" : "CoreNeedleBiopsyGranulomatoeseProstatitis07",
  "meta" : {
    "profile" : ["https://www.medizininformatik-initiative.de/fhir/ext/modul-patho/StructureDefinition/mii-pr-patho-finding|2026.0.0"]
  },
  "text" : {
    "status" : "generated",
    "div" : "<div xmlns=\"http://www.w3.org/1999/xhtml\"><p class=\"res-header-id\"><b>Generated Narrative: Observation CoreNeedleBiopsyGranulomatoeseProstatitis07</b></p><a name=\"CoreNeedleBiopsyGranulomatoeseProstatitis07\"> </a><a name=\"hcCoreNeedleBiopsyGranulomatoeseProstatitis07\"> </a><div style=\"display: inline-block; background-color: #d9e0e7; padding: 6px; margin: 4px; border: 1px solid #8da1b4; border-radius: 5px; line-height: 60%\"><p style=\"margin-bottom: 0px\"/><p style=\"margin-bottom: 0px\">Profile: <a href=\"https://simplifier.net/resolve?scope=de.medizininformatikinitiative.kerndatensatz.patho@2026.0.0&amp;canonical=https://www.medizininformatik-initiative.de/fhir/ext/modul-patho/StructureDefinition/mii-pr-patho-finding\">MII PR Patho Findingversion: null2026.0.0)</a></p></div><p><b>status</b>: Final</p><p><b>category</b>: <span title=\"Codes:{http://terminology.hl7.org/CodeSystem/observation-category laboratory}\">Laboratory</span>, <span title=\"Codes:{http://loinc.org 22635-7}\">Pathology report microscopic observation Narrative Other stain</span></p><p><b>code</b>: <span title=\"Codes:{http://loinc.org 94665-7}\">Granulomatous prostatitis [Presence] in Specimen by Microscopy</span></p><p><b>subject</b>: <a href=\"Patient-Patient1.html\">Hans Mueller  Male, DoB: 1955-08-15 ( http://example.hospital.de/patient-ids#PAT-2024-001)</a></p><p><b>effective</b>: 2024-01-17 10:00:00+0100</p><p><b>performer</b>: <a href=\"Practitioner-PathologistPractitioner.html\">Practitioner Maria Schneider </a></p><p><b>value</b>: <span title=\"Codes:{http://snomed.info/sct 47492008}\">Not seen (qualifier value)</span></p><p><b>bodySite</b>: <span title=\"Codes:{http://snomed.info/sct 716905002}\">Structure of basal part of transition zone of prostate (body structure)</span></p><p><b>specimen</b>: <a href=\"Specimen-CoreNeedleBiopsySpecimen07Slide.html\">Specimen: identifier = https://pathologie.example-hospital.de/fhir/fn/befundbericht#E2024_001-07-HE-1; accessionIdentifier = https://pathologie.example-hospital.de/fhir/fn/befundbericht#E2024_001; status = available; type = Histopathology slide (physical object)</a></p></div>"
  },
  "status" : "final",
  "category" : [{
    "coding" : [{
      "system" : "http://terminology.hl7.org/CodeSystem/observation-category",
      "code" : "laboratory"
    }]
  },
  {
    "coding" : [{
      "system" : "http://loinc.org",
      "code" : "22635-7"
    }]
  }],
  "code" : {
    "coding" : [{
      "system" : "http://loinc.org",
      "code" : "94665-7",
      "display" : "Granulomatous prostatitis [Presence] in Specimen by Microscopy"
    }]
  },
  "subject" : {
    "reference" : "Patient/Patient1"
  },
  "effectiveDateTime" : "2024-01-17T10:00:00+01:00",
  "performer" : [{
    "reference" : "Practitioner/PathologistPractitioner"
  }],
  "valueCodeableConcept" : {
    "coding" : [{
      "system" : "http://snomed.info/sct",
      "code" : "47492008",
      "display" : "Not seen (qualifier value)"
    }]
  },
  "bodySite" : {
    "coding" : [{
      "system" : "http://snomed.info/sct",
      "code" : "716905002",
      "display" : "Structure of basal part of transition zone of prostate (body structure)"
    }]
  },
  "specimen" : {
    "reference" : "Specimen/CoreNeedleBiopsySpecimen07Slide"
  }
}