{
  "resourceType" : "Observation",
  "id" : "RadicalProstatectomyPSAPostoperative",
  "meta" : {
    "profile" : ["https://www.medizininformatik-initiative.de/fhir/ext/modul-onko/StructureDefinition/mii-pr-onko-prostate-psa|2026.0.0"]
  },
  "text" : {
    "status" : "generated",
    "div" : "<div xmlns=\"http://www.w3.org/1999/xhtml\"><p class=\"res-header-id\"><b>Generated Narrative: Observation RadicalProstatectomyPSAPostoperative</b></p><a name=\"RadicalProstatectomyPSAPostoperative\"> </a><a name=\"hcRadicalProstatectomyPSAPostoperative\"> </a><div style=\"display: inline-block; background-color: #d9e0e7; padding: 6px; margin: 4px; border: 1px solid #8da1b4; border-radius: 5px; line-height: 60%\"><p style=\"margin-bottom: 0px\"/><p style=\"margin-bottom: 0px\">Profile: <a href=\"https://simplifier.net/resolve?scope=de.medizininformatikinitiative.kerndatensatz.onkologie@2026.0.0&amp;canonical=https://www.medizininformatik-initiative.de/fhir/ext/modul-onko/StructureDefinition/mii-pr-onko-prostate-psa\">MII PR Onkologie PSA-Wertversion: null2026.0.0)</a></p></div><p><b>status</b>: Final</p><p><b>category</b>: <span title=\"Codes:{http://loinc.org 26436-6}\">Laboratory studies (set)</span>, <span title=\"Codes:{http://loinc.org LP7839-6}\">Pathology</span></p><p><b>code</b>: <span title=\"Codes:{http://loinc.org 2857-1}\">Prostate specific antigen [Mass/volume] in Serum or Plasma</span></p><p><b>subject</b>: <a href=\"Patient-Patient1.html\">Hans Mueller  Male, DoB: 1955-08-15 ( http://example.hospital.de/patient-ids#PAT-2024-001)</a></p><p><b>effective</b>: 2024-04-26 08:00:00+0100</p><p><b>value</b>: 0.02 ng/ml<span style=\"background: LightGoldenRodYellow\"> (Details: UCUM  codeng/mL = 'ng/mL')</span></p><p><b>note</b>: </p><blockquote><div><p>Exzellente biochemische Remission, PSA nicht nachweisbar</p>\n</div></blockquote></div>"
  },
  "status" : "final",
  "category" : [{
    "coding" : [{
      "system" : "http://loinc.org",
      "code" : "26436-6",
      "display" : "Laboratory studies (set)"
    }]
  },
  {
    "coding" : [{
      "system" : "http://loinc.org",
      "code" : "LP7839-6",
      "display" : "Pathology"
    }]
  }],
  "code" : {
    "coding" : [{
      "system" : "http://loinc.org",
      "code" : "2857-1",
      "display" : "Prostate specific antigen [Mass/volume] in Serum or Plasma"
    }]
  },
  "subject" : {
    "reference" : "Patient/Patient1"
  },
  "effectiveDateTime" : "2024-04-26T08:00:00+01:00",
  "valueQuantity" : {
    "value" : 0.02,
    "unit" : "ng/ml",
    "system" : "http://unitsofmeasure.org",
    "code" : "ng/mL"
  },
  "note" : [{
    "text" : "Exzellente biochemische Remission, PSA nicht nachweisbar"
  }]
}