{
  "resourceType" : "Practitioner",
  "id" : "UrologistPractitioner",
  "text" : {
    "status" : "generated",
    "div" : "<div xmlns=\"http://www.w3.org/1999/xhtml\"><p class=\"res-header-id\"><b>Generated Narrative: Practitioner UrologistPractitioner</b></p><a name=\"UrologistPractitioner\"> </a><a name=\"hcUrologistPractitioner\"> </a><p><b>identifier</b>: <code>http://example.hospital.de/practitioner-ids</code>/URO-001</p><p><b>name</b>: Andreas Weber </p><h3>Qualifications</h3><table class=\"grid\"><tr><td style=\"display: none\">-</td><td><b>Code</b></td></tr><tr><td style=\"display: none\">*</td><td><span title=\"Codes:{http://snomed.info/sct 394612005}\">Urology</span></td></tr></table></div>"
  },
  "identifier" : [{
    "system" : "http://example.hospital.de/practitioner-ids",
    "value" : "URO-001"
  }],
  "name" : [{
    "family" : "Weber",
    "given" : ["Andreas"],
    "prefix" : ["Prof. Dr."]
  }],
  "qualification" : [{
    "code" : {
      "coding" : [{
        "system" : "http://snomed.info/sct",
        "code" : "394612005",
        "display" : "Urology"
      }]
    }
  }]
}