{
  "resourceType" : "Procedure",
  "id" : "TransurethralEnucleationProcedure",
  "meta" : {
    "profile" : ["https://www.medizininformatik-initiative.de/fhir/core/modul-prozedur/StructureDefinition/Procedure|2026.0.0"]
  },
  "text" : {
    "status" : "generated",
    "div" : "<div xmlns=\"http://www.w3.org/1999/xhtml\"><p class=\"res-header-id\"><b>Generated Narrative: Procedure TransurethralEnucleationProcedure</b></p><a name=\"TransurethralEnucleationProcedure\"> </a><a name=\"hcTransurethralEnucleationProcedure\"> </a><div style=\"display: inline-block; background-color: #d9e0e7; padding: 6px; margin: 4px; border: 1px solid #8da1b4; border-radius: 5px; line-height: 60%\"><p style=\"margin-bottom: 0px\"/><p style=\"margin-bottom: 0px\">Profile: <a href=\"https://simplifier.net/resolve?scope=de.medizininformatikinitiative.kerndatensatz.molgen@2026.0.4&amp;canonical=https://www.medizininformatik-initiative.de/fhir/core/modul-prozedur/StructureDefinition/Procedure\">MII PR Prozedur Procedureversion: null2026.0.0)</a></p></div><p><b>status</b>: Completed</p><p><b>category</b>: <span title=\"Codes:{http://snomed.info/sct 387713003}\">Surgical procedure (procedure)</span></p><p><b>code</b>: <span title=\"Codes:{http://fhir.de/CodeSystem/bfarm/ops 5-603}, {http://snomed.info/sct 236205008}\">Enukleation der Prostata</span></p><p><b>subject</b>: <a href=\"Patient-Patient3.html\">Klaus Becker  Male, DoB: 1958-11-10 ( http://example.hospital.de/patient-ids#PAT-2024-003)</a></p><p><b>performed</b>: 2024-05-10 10:30:00+0100</p><p><b>note</b>: </p><blockquote><div><p>Suprapubische Enucleation der Prostata zur Behandlung der symptomatischen BPH. Intraoperativ komplikationsloser Verlauf. Histopathologisch Nachweis eines Adenokarzinoms (Gleason 4+5=9) mit extensiver Tumorinfiltration, extraprostatischer Extension und Samenblaseninvasion.</p>\n</div></blockquote></div>"
  },
  "status" : "completed",
  "category" : {
    "coding" : [{
      "system" : "http://snomed.info/sct",
      "code" : "387713003",
      "display" : "Surgical procedure (procedure)"
    }]
  },
  "code" : {
    "coding" : [{
      "system" : "http://fhir.de/CodeSystem/bfarm/ops",
      "version" : "2020",
      "code" : "5-603",
      "display" : "Enukleation der Prostata"
    },
    {
      "system" : "http://snomed.info/sct",
      "code" : "236205008",
      "display" : "Simple prostatectomy (procedure)"
    }]
  },
  "subject" : {
    "reference" : "Patient/Patient3"
  },
  "performedDateTime" : "2024-05-10T10:30:00+01:00",
  "note" : [{
    "text" : "Suprapubische Enucleation der Prostata zur Behandlung der symptomatischen BPH. Intraoperativ komplikationsloser Verlauf. Histopathologisch Nachweis eines Adenokarzinoms (Gleason 4+5=9) mit extensiver Tumorinfiltration, extraprostatischer Extension und Samenblaseninvasion."
  }]
}