{
  "resourceType" : "ServiceRequest",
  "id" : "RadicalProstatectomyReportRequest",
  "meta" : {
    "profile" : ["https://www.medizininformatik-initiative.de/fhir/ext/modul-patho/StructureDefinition/mii-pr-patho-service-request|2026.0.0"]
  },
  "text" : {
    "status" : "generated",
    "div" : "<div xmlns=\"http://www.w3.org/1999/xhtml\"><p class=\"res-header-id\"><b>Generated Narrative: ServiceRequest RadicalProstatectomyReportRequest</b></p><a name=\"RadicalProstatectomyReportRequest\"> </a><a name=\"hcRadicalProstatectomyReportRequest\"> </a><div style=\"display: inline-block; background-color: #d9e0e7; padding: 6px; margin: 4px; border: 1px solid #8da1b4; border-radius: 5px; line-height: 60%\"><p style=\"margin-bottom: 0px\"/><p style=\"margin-bottom: 0px\">Profile: <a href=\"https://simplifier.net/resolve?scope=de.medizininformatikinitiative.kerndatensatz.patho@2026.0.0&amp;canonical=https://www.medizininformatik-initiative.de/fhir/ext/modul-patho/StructureDefinition/mii-pr-patho-service-request\">MII PR Patho Service Requestversion: null2026.0.0)</a></p></div><p><b>identifier</b>: Placer ID/PATH-RPT-2024-002</p><p><b>status</b>: Completed</p><p><b>intent</b>: Order</p><p><b>category</b>: <span title=\"Codes:{http://snomed.info/sct 726007}\">Pathology consultation, comprehensive, records and specimen with report (procedure)</span></p><p><b>code</b>: <span title=\"Codes:{http://snomed.info/sct 176106009}\">Radical prostatectomy (procedure)</span></p><p><b>subject</b>: <a href=\"Patient-Patient1.html\">Hans Mueller  Male, DoB: 1955-08-15 ( http://example.hospital.de/patient-ids#PAT-2024-001)</a></p><p><b>encounter</b>: <a href=\"Encounter-RadicalProstatectomyEncounter.html\">Encounter: identifier = http://example.hospital.de/encounters#E_24_002; status = finished; class = IMP (IMP)</a></p><p><b>requester</b>: <a href=\"Practitioner-UrologistPractitioner.html\">Practitioner Andreas Weber </a></p><p><b>performer</b>: <a href=\"Practitioner-PathologistPractitioner.html\">Practitioner Maria Schneider </a></p><p><b>reasonCode</b>: <span title=\"Codes:{http://snomed.info/sct 399068003}\">Malignant tumor of prostate</span></p><p><b>supportingInfo</b>: <a href=\"Condition-RadicalProstatectomyDiagnosisPreOp.html\">Condition Bösartige Neubildung der Prostata</a></p><p><b>specimen</b>: <a href=\"Specimen-RadicalProstatectomySpecimenPart.html\">Specimen: identifier = Placer Identifier,Filler Identifier; accessionIdentifier = https://pathologie.example-hospital.de/fhir/fn/befundbericht#E_24_002; status = available; type = Surgical specimen</a></p></div>"
  },
  "identifier" : [{
    "type" : {
      "coding" : [{
        "system" : "http://terminology.hl7.org/CodeSystem/v2-0203",
        "code" : "PLAC",
        "display" : "Placer ID"
      }]
    },
    "system" : "http://example.hospital.de/serviceRequest",
    "value" : "PATH-RPT-2024-002"
  }],
  "status" : "completed",
  "intent" : "order",
  "category" : [{
    "coding" : [{
      "system" : "http://snomed.info/sct",
      "code" : "726007",
      "display" : "Pathology consultation, comprehensive, records and specimen with report (procedure)"
    }]
  }],
  "code" : {
    "coding" : [{
      "system" : "http://snomed.info/sct",
      "code" : "176106009",
      "display" : "Radical prostatectomy (procedure)"
    }]
  },
  "subject" : {
    "reference" : "Patient/Patient1"
  },
  "encounter" : {
    "reference" : "Encounter/RadicalProstatectomyEncounter"
  },
  "requester" : {
    "reference" : "Practitioner/UrologistPractitioner"
  },
  "performer" : [{
    "reference" : "Practitioner/PathologistPractitioner"
  }],
  "reasonCode" : [{
    "coding" : [{
      "system" : "http://snomed.info/sct",
      "code" : "399068003",
      "display" : "Malignant tumor of prostate"
    }]
  }],
  "supportingInfo" : [{
    "reference" : "Condition/RadicalProstatectomyDiagnosisPreOp"
  }],
  "specimen" : [{
    "reference" : "Specimen/RadicalProstatectomySpecimenPart"
  }]
}