{
  "resourceType" : "ServiceRequest",
  "id" : "TransurethralEnucleationReportRequest",
  "meta" : {
    "profile" : ["https://www.medizininformatik-initiative.de/fhir/ext/modul-patho/StructureDefinition/mii-pr-patho-service-request|2026.0.0"]
  },
  "text" : {
    "status" : "generated",
    "div" : "<div xmlns=\"http://www.w3.org/1999/xhtml\"><p class=\"res-header-id\"><b>Generated Narrative: ServiceRequest TransurethralEnucleationReportRequest</b></p><a name=\"TransurethralEnucleationReportRequest\"> </a><a name=\"hcTransurethralEnucleationReportRequest\"> </a><div style=\"display: inline-block; background-color: #d9e0e7; padding: 6px; margin: 4px; border: 1px solid #8da1b4; border-radius: 5px; line-height: 60%\"><p style=\"margin-bottom: 0px\"/><p style=\"margin-bottom: 0px\">Profile: <a href=\"https://simplifier.net/resolve?scope=de.medizininformatikinitiative.kerndatensatz.patho@2026.0.0&amp;canonical=https://www.medizininformatik-initiative.de/fhir/ext/modul-patho/StructureDefinition/mii-pr-patho-service-request\">MII PR Patho Service Requestversion: null2026.0.0)</a></p></div><p><b>identifier</b>: Placer ID/PATH-RPT-2024-004</p><p><b>status</b>: Completed</p><p><b>intent</b>: Order</p><p><b>category</b>: <span title=\"Codes:{http://snomed.info/sct 726007}\">Pathology consultation, comprehensive, records and specimen with report (procedure)</span></p><p><b>code</b>: <span title=\"Codes:{http://snomed.info/sct 236205008}\">Simple prostatectomy (procedure)</span></p><p><b>subject</b>: <a href=\"Patient-Patient3.html\">Klaus Becker  Male, DoB: 1958-11-10 ( http://example.hospital.de/patient-ids#PAT-2024-003)</a></p><p><b>encounter</b>: <a href=\"Encounter-TransurethralEnucleationEncounter.html\">Encounter: identifier = http://example.hospital.de/encounters#E_24_004; status = finished; class = IMP (IMP)</a></p><p><b>requester</b>: <a href=\"Practitioner-UrologistPractitioner.html\">Practitioner Andreas Weber </a></p><p><b>performer</b>: <a href=\"Practitioner-PathologistPractitioner.html\">Practitioner Maria Schneider </a></p><p><b>reasonCode</b>: <span title=\"Codes:{http://snomed.info/sct 266569009}\">Benign prostatic hyperplasia</span></p><p><b>supportingInfo</b>: </p><ul><li><a href=\"Observation-TransurethralEnucleationPSAPre.html\">Observation Prostate specific antigen [Mass/volume] in Serum or Plasma</a></li><li><a href=\"Procedure-TransurethralEnucleationProcedure.html\">Procedure Enukleation der Prostata</a></li><li><a href=\"Condition-TransurethralEnucleationDiagnosisBPH.html\">Condition Prostatahyperplasie ohne Beschwerden beim Wasserlassen</a></li></ul><p><b>specimen</b>: <a href=\"Specimen-TransurethralEnucleationSpecimenPart.html\">Specimen: identifier = Placer Identifier,Filler Identifier; accessionIdentifier = https://pathologie.example-hospital.de/fhir/fn/befundbericht#E_24_004; status = available; type = Surgical specimen</a></p></div>"
  },
  "identifier" : [{
    "type" : {
      "coding" : [{
        "system" : "http://terminology.hl7.org/CodeSystem/v2-0203",
        "code" : "PLAC",
        "display" : "Placer ID"
      }]
    },
    "system" : "http://example.hospital.de/serviceRequest",
    "value" : "PATH-RPT-2024-004"
  }],
  "status" : "completed",
  "intent" : "order",
  "category" : [{
    "coding" : [{
      "system" : "http://snomed.info/sct",
      "code" : "726007",
      "display" : "Pathology consultation, comprehensive, records and specimen with report (procedure)"
    }]
  }],
  "code" : {
    "coding" : [{
      "system" : "http://snomed.info/sct",
      "code" : "236205008",
      "display" : "Simple prostatectomy (procedure)"
    }]
  },
  "subject" : {
    "reference" : "Patient/Patient3"
  },
  "encounter" : {
    "reference" : "Encounter/TransurethralEnucleationEncounter"
  },
  "requester" : {
    "reference" : "Practitioner/UrologistPractitioner"
  },
  "performer" : [{
    "reference" : "Practitioner/PathologistPractitioner"
  }],
  "reasonCode" : [{
    "coding" : [{
      "system" : "http://snomed.info/sct",
      "code" : "266569009",
      "display" : "Benign prostatic hyperplasia"
    }]
  }],
  "supportingInfo" : [{
    "reference" : "Observation/TransurethralEnucleationPSAPre"
  },
  {
    "reference" : "Procedure/TransurethralEnucleationProcedure"
  },
  {
    "reference" : "Condition/TransurethralEnucleationDiagnosisBPH"
  }],
  "specimen" : [{
    "reference" : "Specimen/TransurethralEnucleationSpecimenPart"
  }]
}