{
  "resourceType" : "Specimen",
  "id" : "TransurethralResectionSpecimenPart",
  "meta" : {
    "profile" : ["https://www.medizininformatik-initiative.de/fhir/ext/modul-patho/StructureDefinition/mii-pr-patho-specimen|2026.0.0",
    "https://www.medizininformatik-initiative.de/fhir/ext/modul-biobank/StructureDefinition/SpecimenCore|2026.0.0"]
  },
  "text" : {
    "status" : "generated",
    "div" : "<div xmlns=\"http://www.w3.org/1999/xhtml\"><p class=\"res-header-id\"><b>Generated Narrative: Specimen TransurethralResectionSpecimenPart</b></p><a name=\"TransurethralResectionSpecimenPart\"> </a><a name=\"hcTransurethralResectionSpecimenPart\"> </a><div style=\"display: inline-block; background-color: #d9e0e7; padding: 6px; margin: 4px; border: 1px solid #8da1b4; border-radius: 5px; line-height: 60%\"><p style=\"margin-bottom: 0px\"/><p style=\"margin-bottom: 0px\">Profiles: <a href=\"https://simplifier.net/resolve?scope=de.medizininformatikinitiative.kerndatensatz.patho@2026.0.0&amp;canonical=https://www.medizininformatik-initiative.de/fhir/ext/modul-patho/StructureDefinition/mii-pr-patho-specimen\">MII PR Patho Specimenversion: null2026.0.0)</a>, <a href=\"https://simplifier.net/resolve?scope=de.medizininformatikinitiative.kerndatensatz.onkologie@2026.0.0&amp;canonical=https://www.medizininformatik-initiative.de/fhir/ext/modul-biobank/StructureDefinition/SpecimenCore\">MII PR Biobank Specimen Bioprobe Coreversion: null2026.0.0)</a></p></div><p><b>identifier</b>: Placer Identifier/TUR24_001_A, Filler Identifier/E2024_003-A</p><p><b>accessionIdentifier</b>: <code>https://pathologie.example-hospital.de/fhir/fn/befundbericht</code>/E2024_003</p><p><b>status</b>: Available</p><p><b>type</b>: <span title=\"Codes:{http://snomed.info/sct 118292001}\">Surgical specimen</span></p><p><b>subject</b>: <a href=\"Patient-Patient1.html\">Hans Mueller  Male, DoB: 1955-08-15 ( http://example.hospital.de/patient-ids#PAT-2024-001)</a></p><p><b>request</b>: <a href=\"ServiceRequest-TransurethralResectionServiceRequest.html\">ServiceRequest Transurethral resection of prostate (procedure)</a></p><h3>Collections</h3><table class=\"grid\"><tr><td style=\"display: none\">-</td><td><b>Collector</b></td><td><b>Collected[x]</b></td><td><b>Method</b></td><td><b>BodySite</b></td></tr><tr><td style=\"display: none\">*</td><td><a href=\"Practitioner-UrologistPractitioner.html\">Practitioner Andreas Weber </a></td><td>2024-04-10 10:30:00+0100</td><td><span title=\"Codes:{http://snomed.info/sct 176258007}\">Transurethral resection of prostate (procedure)</span></td><td><span title=\"Codes:{http://snomed.info/sct 41216001}\">Prostate structure</span></td></tr></table><h3>Containers</h3><table class=\"grid\"><tr><td style=\"display: none\">-</td><td><b>Type</b></td></tr><tr><td style=\"display: none\">*</td><td><span title=\"Codes:{http://snomed.info/sct 434746001}\">Specimen vial (physical object)</span></td></tr></table></div>"
  },
  "identifier" : [{
    "type" : {
      "coding" : [{
        "system" : "http://terminology.hl7.org/CodeSystem/v2-0203",
        "code" : "PLAC"
      }]
    },
    "system" : "https://pathologie.example-hospital.de/fhir/fn/untersuchungsauftrag",
    "value" : "TUR24_001_A"
  },
  {
    "type" : {
      "coding" : [{
        "system" : "http://terminology.hl7.org/CodeSystem/v2-0203",
        "code" : "FILL"
      }]
    },
    "system" : "https://pathologie.example-hospital.de/fhir/fn/befundbericht",
    "value" : "E2024_003-A"
  }],
  "accessionIdentifier" : {
    "system" : "https://pathologie.example-hospital.de/fhir/fn/befundbericht",
    "value" : "E2024_003"
  },
  "status" : "available",
  "type" : {
    "coding" : [{
      "system" : "http://snomed.info/sct",
      "code" : "118292001",
      "display" : "Surgical specimen"
    }]
  },
  "subject" : {
    "reference" : "Patient/Patient1"
  },
  "request" : [{
    "reference" : "ServiceRequest/TransurethralResectionServiceRequest"
  }],
  "collection" : {
    "collector" : {
      "reference" : "Practitioner/UrologistPractitioner"
    },
    "collectedDateTime" : "2024-04-10T10:30:00+01:00",
    "method" : {
      "coding" : [{
        "system" : "http://snomed.info/sct",
        "code" : "176258007",
        "display" : "Transurethral resection of prostate (procedure)"
      }]
    },
    "bodySite" : {
      "coding" : [{
        "system" : "http://snomed.info/sct",
        "code" : "41216001",
        "display" : "Prostate structure"
      }]
    }
  },
  "container" : [{
    "type" : {
      "coding" : [{
        "system" : "http://snomed.info/sct",
        "code" : "434746001",
        "display" : "Specimen vial (physical object)"
      }]
    }
  }]
}