{
  "resourceType" : "Specimen",
  "id" : "RadicalProstatectomySpecimenLymphNodeLeftSlide01",
  "meta" : {
    "profile" : ["https://www.medizininformatik-initiative.de/fhir/ext/modul-patho/StructureDefinition/mii-pr-patho-specimen|2026.0.0",
    "https://www.medizininformatik-initiative.de/fhir/ext/modul-biobank/StructureDefinition/SpecimenCore|2026.0.0"]
  },
  "text" : {
    "status" : "extensions",
    "div" : "<div xmlns=\"http://www.w3.org/1999/xhtml\"><p class=\"res-header-id\"><b>Generated Narrative: Specimen RadicalProstatectomySpecimenLymphNodeLeftSlide01</b></p><a name=\"RadicalProstatectomySpecimenLymphNodeLeftSlide01\"> </a><a name=\"hcRadicalProstatectomySpecimenLymphNodeLeftSlide01\"> </a><div style=\"display: inline-block; background-color: #d9e0e7; padding: 6px; margin: 4px; border: 1px solid #8da1b4; border-radius: 5px; line-height: 60%\"><p style=\"margin-bottom: 0px\"/><p style=\"margin-bottom: 0px\">Profiles: <a href=\"https://simplifier.net/resolve?scope=de.medizininformatikinitiative.kerndatensatz.patho@2026.0.0&amp;canonical=https://www.medizininformatik-initiative.de/fhir/ext/modul-patho/StructureDefinition/mii-pr-patho-specimen\">MII PR Patho Specimenversion: null2026.0.0)</a>, <a href=\"https://simplifier.net/resolve?scope=de.medizininformatikinitiative.kerndatensatz.onkologie@2026.0.0&amp;canonical=https://www.medizininformatik-initiative.de/fhir/ext/modul-biobank/StructureDefinition/SpecimenCore\">MII PR Biobank Specimen Bioprobe Coreversion: null2026.0.0)</a></p></div><p><b>identifier</b>: <code>https://pathologie.example-hospital.de/fhir/fn/befundbericht</code>/E_24_002_C_1_1HE</p><p><b>accessionIdentifier</b>: <code>https://pathologie.example-hospital.de/fhir/fn/befundbericht</code>/E_24_002</p><p><b>status</b>: Available</p><p><b>type</b>: <span title=\"Codes:{http://snomed.info/sct 430856003}\">Tissue section (specimen)</span></p><p><b>subject</b>: <a href=\"Patient-Patient1.html\">Hans Mueller  Male, DoB: 1955-08-15 ( http://example.hospital.de/patient-ids#PAT-2024-001)</a></p><p><b>parent</b>: <a href=\"Specimen-RadicalProstatectomySpecimenLymphNodeLeftBlock.html\">Specimen: identifier = https://pathologie.example-hospital.de/fhir/fn/befundbericht#E_24_002_C_1; accessionIdentifier = https://pathologie.example-hospital.de/fhir/fn/befundbericht#E_24_002; status = available; type = Tissue block specimen (specimen)</a></p><h3>Collections</h3><table class=\"grid\"><tr><td style=\"display: none\">-</td><td><b>Collected[x]</b></td><td><b>Method</b></td></tr><tr><td style=\"display: none\">*</td><td>2024-03-17 08:40:00+0100</td><td><span title=\"Codes:{http://snomed.info/sct 13283003}\">Tissue processing technique (procedure)</span></td></tr></table><blockquote><p><b>processing</b></p><p><b>MII EX Biobank Temperaturbedingungen</b>: 2-8 °C</p><p><b>description</b>: Schnittherstellung</p><p><b>procedure</b>: <span title=\"Codes:{http://snomed.info/sct 434472006}\">Sectioning of tissue specimen (procedure)</span></p><p><b>time</b>: 2024-03-17 09:40:00+0100</p></blockquote><blockquote><p><b>processing</b></p><p><b>description</b>: HE-Färbung</p><p><b>procedure</b>: <span title=\"Codes:{http://snomed.info/sct 127790008}\">Hematoxylin and eosin staining method (procedure)</span></p><p><b>time</b>: 2024-03-17 09:55:00+0100</p></blockquote><h3>Containers</h3><table class=\"grid\"><tr><td style=\"display: none\">-</td><td><b>Type</b></td><td><b>Additive[x]</b></td></tr><tr><td style=\"display: none\">*</td><td><span title=\"Codes:{http://snomed.info/sct 433466003}\">Microscope slide (physical object)</span></td><td><span title=\"Codes:{http://snomed.info/sct 430862008}\">Microscope slide mounting medium (substance)</span></td></tr></table></div>"
  },
  "identifier" : [{
    "system" : "https://pathologie.example-hospital.de/fhir/fn/befundbericht",
    "value" : "E_24_002_C_1_1HE"
  }],
  "accessionIdentifier" : {
    "system" : "https://pathologie.example-hospital.de/fhir/fn/befundbericht",
    "value" : "E_24_002"
  },
  "status" : "available",
  "type" : {
    "coding" : [{
      "system" : "http://snomed.info/sct",
      "code" : "430856003",
      "display" : "Tissue section (specimen)"
    }]
  },
  "subject" : {
    "reference" : "Patient/Patient1"
  },
  "parent" : [{
    "reference" : "Specimen/RadicalProstatectomySpecimenLymphNodeLeftBlock"
  }],
  "collection" : {
    "collectedDateTime" : "2024-03-17T08:40:00+01:00",
    "method" : {
      "coding" : [{
        "system" : "http://snomed.info/sct",
        "code" : "13283003",
        "display" : "Tissue processing technique (procedure)"
      }]
    }
  },
  "processing" : [{
    "extension" : [{
      "url" : "https://www.medizininformatik-initiative.de/fhir/ext/modul-biobank/StructureDefinition/Temperaturbedingungen",
      "valueRange" : {
        "low" : {
          "value" : 2,
          "unit" : "°C",
          "system" : "http://unitsofmeasure.org",
          "code" : "Cel"
        },
        "high" : {
          "value" : 8,
          "unit" : "°C",
          "system" : "http://unitsofmeasure.org",
          "code" : "Cel"
        }
      }
    }],
    "description" : "Schnittherstellung",
    "procedure" : {
      "coding" : [{
        "system" : "http://snomed.info/sct",
        "code" : "434472006",
        "display" : "Sectioning of tissue specimen (procedure)"
      }]
    },
    "timeDateTime" : "2024-03-17T09:40:00+01:00"
  },
  {
    "extension" : [{
      "url" : "https://www.medizininformatik-initiative.de/fhir/ext/modul-biobank/StructureDefinition/Temperaturbedingungen"
    }],
    "description" : "HE-Färbung",
    "procedure" : {
      "coding" : [{
        "system" : "http://snomed.info/sct",
        "code" : "127790008",
        "display" : "Hematoxylin and eosin staining method (procedure)"
      }]
    },
    "timeDateTime" : "2024-03-17T09:55:00+01:00"
  }],
  "container" : [{
    "type" : {
      "coding" : [{
        "system" : "http://snomed.info/sct",
        "code" : "433466003",
        "display" : "Microscope slide (physical object)"
      }]
    },
    "additiveCodeableConcept" : {
      "coding" : [{
        "system" : "http://snomed.info/sct",
        "code" : "430862008",
        "display" : "Microscope slide mounting medium (substance)"
      }]
    }
  }]
}