{
  "resourceType" : "Specimen",
  "id" : "RadicalProstatectomySpecimenBlock02",
  "meta" : {
    "profile" : ["https://www.medizininformatik-initiative.de/fhir/ext/modul-patho/StructureDefinition/mii-pr-patho-specimen|2026.0.0",
    "https://www.medizininformatik-initiative.de/fhir/ext/modul-biobank/StructureDefinition/SpecimenCore|2026.0.0"]
  },
  "text" : {
    "status" : "generated",
    "div" : "<div xmlns=\"http://www.w3.org/1999/xhtml\"><p class=\"res-header-id\"><b>Generated Narrative: Specimen RadicalProstatectomySpecimenBlock02</b></p><a name=\"RadicalProstatectomySpecimenBlock02\"> </a><a name=\"hcRadicalProstatectomySpecimenBlock02\"> </a><div style=\"display: inline-block; background-color: #d9e0e7; padding: 6px; margin: 4px; border: 1px solid #8da1b4; border-radius: 5px; line-height: 60%\"><p style=\"margin-bottom: 0px\"/><p style=\"margin-bottom: 0px\">Profiles: <a href=\"https://simplifier.net/resolve?scope=de.medizininformatikinitiative.kerndatensatz.patho@2026.0.0&amp;canonical=https://www.medizininformatik-initiative.de/fhir/ext/modul-patho/StructureDefinition/mii-pr-patho-specimen\">MII PR Patho Specimenversion: null2026.0.0)</a>, <a href=\"https://simplifier.net/resolve?scope=de.medizininformatikinitiative.kerndatensatz.onkologie@2026.0.0&amp;canonical=https://www.medizininformatik-initiative.de/fhir/ext/modul-biobank/StructureDefinition/SpecimenCore\">MII PR Biobank Specimen Bioprobe Coreversion: null2026.0.0)</a></p></div><p><b>identifier</b>: <code>https://pathologie.example-hospital.de/fhir/fn/befundbericht</code>/E_24_002_A_2</p><p><b>accessionIdentifier</b>: <code>https://pathologie.example-hospital.de/fhir/fn/befundbericht</code>/E_24_002</p><p><b>status</b>: Available</p><p><b>type</b>: <span title=\"Codes:{http://snomed.info/sct 1003707006}\">Paraffin block (physical object)</span></p><p><b>subject</b>: <a href=\"Patient-Patient1.html\">Hans Mueller  Male, DoB: 1955-08-15 ( http://example.hospital.de/patient-ids#PAT-2024-001)</a></p><p><b>parent</b>: <a href=\"Specimen-RadicalProstatectomySpecimenPart.html\">Specimen: identifier = Placer Identifier,Filler Identifier; accessionIdentifier = https://pathologie.example-hospital.de/fhir/fn/befundbericht#E_24_002; status = available; type = Surgical specimen</a></p><h3>Collections</h3><table class=\"grid\"><tr><td style=\"display: none\">-</td><td><b>Collected[x]</b></td><td><b>Method</b></td></tr><tr><td style=\"display: none\">*</td><td>2024-03-16 10:35:00+0100</td><td><span title=\"Codes:{http://snomed.info/sct 434472006}\">Fixation of tissue (procedure)</span></td></tr></table><h3>Processings</h3><table class=\"grid\"><tr><td style=\"display: none\">-</td><td><b>Extension</b></td><td><b>Description</b></td><td><b>Procedure</b></td><td><b>Time[x]</b></td></tr><tr><td style=\"display: none\">*</td><td/><td>Formalinfixierung und Paraffineinbettung</td><td><span title=\"Codes:{http://snomed.info/sct 434472006}\">Fixation of tissue (procedure)</span></td><td>2024-03-16 08:05:00+0100</td></tr></table><h3>Containers</h3><table class=\"grid\"><tr><td style=\"display: none\">-</td><td><b>Type</b></td><td><b>Additive[x]</b></td></tr><tr><td style=\"display: none\">*</td><td><span title=\"Codes:{http://snomed.info/sct 1003707006}\">Paraffin block (physical object)</span></td><td><span title=\"Codes:{http://snomed.info/sct 311731000}\">Paraffin wax (substance)</span></td></tr></table></div>"
  },
  "identifier" : [{
    "system" : "https://pathologie.example-hospital.de/fhir/fn/befundbericht",
    "value" : "E_24_002_A_2"
  }],
  "accessionIdentifier" : {
    "system" : "https://pathologie.example-hospital.de/fhir/fn/befundbericht",
    "value" : "E_24_002"
  },
  "status" : "available",
  "type" : {
    "coding" : [{
      "system" : "http://snomed.info/sct",
      "code" : "1003707006",
      "display" : "Paraffin block (physical object)"
    }]
  },
  "subject" : {
    "reference" : "Patient/Patient1"
  },
  "parent" : [{
    "reference" : "Specimen/RadicalProstatectomySpecimenPart"
  }],
  "collection" : {
    "collectedDateTime" : "2024-03-16T10:35:00+01:00",
    "method" : {
      "coding" : [{
        "system" : "http://snomed.info/sct",
        "code" : "434472006",
        "display" : "Fixation of tissue (procedure)"
      }]
    }
  },
  "processing" : [{
    "extension" : [{
      "url" : "https://www.medizininformatik-initiative.de/fhir/ext/modul-biobank/StructureDefinition/Temperaturbedingungen",
      "valueRange" : {
        "low" : {
          "value" : 2,
          "unit" : "°C",
          "system" : "http://unitsofmeasure.org",
          "code" : "Cel"
        },
        "high" : {
          "value" : 8,
          "unit" : "°C",
          "system" : "http://unitsofmeasure.org",
          "code" : "Cel"
        }
      }
    }],
    "description" : "Formalinfixierung und Paraffineinbettung",
    "procedure" : {
      "coding" : [{
        "system" : "http://snomed.info/sct",
        "code" : "434472006",
        "display" : "Fixation of tissue (procedure)"
      }]
    },
    "timeDateTime" : "2024-03-16T08:05:00+01:00"
  }],
  "container" : [{
    "type" : {
      "coding" : [{
        "system" : "http://snomed.info/sct",
        "code" : "1003707006",
        "display" : "Paraffin block (physical object)"
      }]
    },
    "additiveCodeableConcept" : {
      "coding" : [{
        "system" : "http://snomed.info/sct",
        "code" : "311731000",
        "display" : "Paraffin wax (substance)"
      }]
    }
  }]
}